CNPJ_Fundo;Data_Referencia;Versao;Data_Entrega;Nome_Fundo;Data_Funcionamento;Publico_Alvo;Codigo_ISIN;Quantidade_Cotas_Emitidas;Fundo_Exclusivo;Cotistas_Vinculo_Familiar;Mandato;Segmento_Atuacao;Tipo_Gestao;Prazo_Duracao;Data_Prazo_Duracao;Encerramento_Exercicio_Social;Mercado_Negociacao_Bolsa;Mercado_Negociacao_MBO;Mercado_Negociacao_MB;Entidade_Administradora_BVMF;Entidade_Administradora_CETIP;Nome_Administrador;CNPJ_Administrador;Logradouro;Numero;Complemento;Bairro;Cidade;Estado;CEP;Telefone1;Telefone2;Telefone3;Site;Email
01.964.775/0001-40;01/12/2023;1;04/01/2024;FUNDO DE INVESTIMENTO IMOBILIÁRIO GEO GUARARAPES;03/11/2005;INVESTIDOR QUALIFICADO E PROFISSIONAL;0;12583000;S;N;;;;Indeterminado;;31/dez;S;N;N;S;N;BCV - BANCO DE CREDITO E VAREJO S/A;01964775000140;AVENIDA JUSCELINO KUBITSCHEK;1830;10º ANDAR;ITAIM BIBI;SÃO PAULO;SP;04543-000;11 98041-8957;;;N/C;rodrigo.rosario@bancobmg.com.br
04.141.645/0001-03;01/12/2023;1;09/03/2024;F I I CONTINENTAL SQUARE FARIA LIMA;29/08/2000;INVESTIDORES EM GERAL;BRFLMACTF009;1380670;N;N;Renda;Híbrido;Ativa;Indeterminado;;31/dez;S;N;N;S;N;BR-CAPITAL DISTRIB. TÍTULOS E VALORES MOBILIÁRIOS S.A.;4,4077E+13;AV. NAÇÕES UNIDAS;11857;CONJ. 111;BROOKLIN PAULISTA;SÃO PAULO;SP;04578-908;(11) 5508-3500;;;www.brcapital.com.br;fundos@brcapital.com.br
04.644.612/0001-78;01/12/2023;1;11/01/2024;STARK FUNDO DE INVESTIMENTO IMOBILIÁRIO;13/09/2021;INVESTIDOR PROFISSIONAL;BROLMPCTF009;1306216.48;S;N;Títulos e Valores Mobiliários;Títulos e Val. Mob.;Ativa;Indeterminado;;31/dez;S;N;N;S;N;RJI CTVM LTDA;04644612000178;AVENIDA RIO BRANCO;138;4 ANDAR;CENTRO;RIO DE JANEIRO;RJ;20040-002;21 3500-4500;21 3500-4514;;www.rjicv.com.br;backoffice.adm@rjicv.com.br
08.098.114/0001-28;01/06/2023;1;28/09/2023;HSI RENDA IMOBILIÁRIA FUNDO DE INVESTIMENTO IMOBILIÁRIO;26/06/2006;INVESTIDORES EM GERAL;BRPRGDCTF001;8898724;N;N;Renda;Híbrido;Ativa;Indeterminado;;30/jun;S;N;N;S;N;BRL TRUST DTVM S.A;08098114000128;Rua Alves Guimarães;1216;;Pinheiros;São Paulo;SP;05410-002;(11) 3509-0600;;;www.brltrust.com.br;juridico.fii@apexgroup.com
08.696.175/0001-97;01/06/2023;1;20/09/2023;RB CAPITAL RENDA I FUNDO DE INVESTIMENTO IMOBILIÁRIO - FII;30/11/2009;INVESTIDORES EM GERAL;BRFIIPCTF001;927162;N;N;Renda;Híbrido;Passiva;Indeterminado;;30/jun;S;N;N;S;N;OLIVEIRA TRUST DTVM S.A.;08696175000197;Avenida das Américas;3.434;Bloco 07, sala 201;Barra da Tijuca;Rio de Janeiro;RJ;22640-102;(21) 3514-0000;;;www.oliveiratrust.com.br;ger2.fundos@oliveiratrust.com.br
11.827.568/0001-05;01/06/2023;1;18/07/2023;INCENTIVO FUNDO DE INVESTIMENTO IMOBILIÁRIO;23/06/2010;INVESTIDOR QUALIFICADO E PROFISSIONAL;BRINC1CTF005;37.122.134.490.524;N;N;Títulos e Valores Mobiliários;Títulos e Val. Mob.;Ativa;Indeterminado;;30/jun;S;N;N;S;N;RJI CTVM LTDA;1,18276E+13;RUA DO OUVIDOR;97;7 andar;CENTRO;RIO DE JANEIRO;RJ;20040030;21 3500-4500;21 3500-4514;;www.rjicv.com.br;backoffice.adm@rjicv.com.br
11.839.593/0001-09;01/06/2023;2;29/09/2023;BTG PACTUAL LOGISTICA FII;06/08/2010;INVESTIDORES EM GERAL;BRBTLGCTF000;21066892;N;N;Renda;Híbrido;Ativa;Indeterminado;;30/jun;S;N;N;S;N;BTG PACTUAL SERVICOS FINANCEIROS S/A DTVM;5,92813E+13;Praia de Botafogo;501;6º Andar;Botafogo;Rio de Janeiro;RJ;22250-040;(11)3383-3102;;;www.btgpactual.com;ri.fundoslistados@btgpactual.com
11.945.604/0001-27;01/06/2023;1;25/09/2023;RB CAPITAL DESENVOLVIMENTO RESIDENCIAL II - FII;27/09/2010;INVESTIDOR QUALIFICADO;BRRBDSCTF006;126523;N;N;Desenvolvimento para Venda;Residencial;Ativa;Determinado;31/12/2024;30/jun;S;N;N;S;N;OLIVEIRA TRUST DTVM S.A.;1,19456E+13;Avenida das Américas;3434;Bl. 07 Sala 201;Barra da Tijuca;Rio de Janeiro;RJ;22640-102;(21) 3514-0000;;;www.oliveiratrust.com.br;ger2.fundos@oliveiratrust.com.br
12.005.956/0001-65;01/06/2023;1;15/09/2023;KINEA RENDA IMOBILIARIA FII;11/08/2010;INVESTIDORES EM GERAL;BRKNRICTF007;24157121;N;N;Renda;Híbrido;Ativa;Indeterminado;;30/jun;S;N;N;S;N;INTRAG DISTR DE TITULOS E VALORES MOBILIARIOS LTDA;6,24181E+13;AV BRIGADEIRO FARIA LIMA;3400;10º andar;ITAIM BIBI;SÃO PAULO;SP;04538-132;55-(11)30726012;;;www.intrag.com.br;produtosestruturados@itau-unibanco.com.br
12.978.943/0001-72;01/06/2023;1;28/09/2023;PARQUE ANHANGUERA FUNDO DE INVESTIMENTO IMOBILIÁRIO;31/03/2011;INVESTIDORES EM GERAL;BRPQAGCTF009;13991890;N;N;Desenvolvimento para Renda;Logística;Ativa;Indeterminado;;30/jun;S;N;N;S;N;HEDGE INVESTMENTS DTVM LTDA;07253654000176;AVENIDA BRIGADEIRO FARIA LIMA;3600;11º ANDAR CJ 112;ITAIM BIBI;SÃO PAULO;SP;04538-080;(11) 5412-5400;;;www.hedgeinvest.com.br;dtvm@hedgeinvest.com.br
13.000.836/0001-38;01/06/2023;1;26/09/2023;OSASCO PROPERTIES FUNDO DE INVESTIMENTO IMOBILIÁRIO - FII;01/03/2018;INVESTIDOR QUALIFICADO;BRBRTYCTF000;2.397.475.522;N;N;Renda;Outros;Ativa;Indeterminado;;30/jun;N;N;S;N;N;PLANNER CORRETORA DE VALORES S.A.;00806535000154;Avenida Brigadeiro Faria Lima;3900;10º andar;Itaim Bibi;São Paulo;SP;04538-132;(11) 2172-2667;0800 179 444;(11) 2172-2600;www.planner.com.br;investfundos@planner.com.br
13.555.918/0001-49;01/12/2023;1;12/01/2024;AQUILLA FUNDO DE INVESTIMENTO IMOBILIÁRIO;11/03/2011;INVESTIDOR QUALIFICADO E PROFISSIONAL;BRAQLLCTF008;14.502.386.792.392;N;N;Híbrido;Híbrido;Ativa;Indeterminado;;31/dez;S;N;N;S;N;RJI CTVM LTDA;1,35559E+13;AVENIDA RIO BRANCO;138;4 ANDAR;CENTRO;RIO DE JANEIRO;RJ;20040002;21 3500-4500;21 3500-4541;;www.rjicv.com.br;backoffice.adm@rjicv.com.br
14.056.001/0001-62;01/06/2023;1;20/09/2023;PERSONALE I FUNDO DE INVESTIMENTO IMOBILIÁRIO - FII;01/03/2016;INVESTIDOR QUALIFICADO;BRPRSNCTF005;51.699.979;N;N;Desenvolvimento para Venda;Residencial;Ativa;Determinado;26/07/2031;30/jun;S;N;N;S;N;OLIVEIRA TRUST DTVM S.A.;1,4056E+13;Avenida das Américas;3434;Bloco 07, sala 201;Barra da Tijuca;Rio de Janeiro;RJ;22640-102;(21) 3514-0000;;;www.oliveiratrust.com.br;ger2.fundos@oliveiratrust.com.br
14.080.689/0001-16;01/06/2023;1;26/09/2023;POLO FII RECEBÍVEIS IMOBILIÁRIOS I;09/05/2014;INVESTIDOR QUALIFICADO;BRPLRICTF000;954304;N;N;Títulos e Valores Mobiliários;Títulos e Val. Mob.;Ativa;Indeterminado;;30/jun;S;N;N;S;N;OLIVEIRA TRUST DTVM S.A.;1,40807E+13;Avenida das Américas;3434;Bloco 7, Sala 201;Barra da Tijuca;Rio de Janeiro;RJ;22640-102;(21) 3514-0000;;;www.oliveiratrust.com.br;ger2.fundos@oliveiratrust.com.br
14.410.722/0001-29;01/06/2023;1;28/09/2023;BB PROGRESSIVO II FUNDO DE INVESTIMENTO IMOBILIÁRIO - FII;23/08/2012;INVESTIDORES EM GERAL;BRBBPOCTF003;15919690;N;N;Renda;Lajes Corporativas;Passiva;Indeterminado;;30/jun;S;N;N;S;N;BV DISTRIBUIDORA DE TÍTULOS E VALORES MOBILIÁRIOS S.A.;1,44107E+13;Avenida das Nações Unidas;14171;torre A - 11º andar;Vila Gertrudes;São Paulo;SP;04794-000;(11) 5171-5359;;;www.vam.com.br;RI-VAM@bv.com.br
14.423.780/0001-97;01/06/2023;2;15/09/2023;KINEA II REAL ESTATE EQUITY FUNDO DE INVESTIMENTO IMOB;01/12/2011;INVESTIDOR QUALIFICADO;BRKNRECTF006;18547161.2;N;N;Desenvolvimento para Venda;Residencial;Ativa;Determinado;14/08/2023;30/jun;S;N;N;S;N;INTRAG DISTR DE TÍTULOS E VALORES MOBILIÁRIOS LTDA;6,24181E+13;AV BRIGADEIRO FARIA LIMA;3400;10º andar;ITAIM BIBI;SÃO PAULO;SP;04538-132;55-(11)30726012;;;www.intrag.com.br;produtosestruturados@itau-unibanco.com.br
14.631.148/0001-39;01/06/2023;1;18/07/2023;HAZ FUNDO DE INVESTIMENTO IMOBILIARIO;01/04/2012;INVESTIDOR QUALIFICADO E PROFISSIONAL;BRATCCTF008;92.890.819.633.869;N;N;Títulos e Valores Mobiliários;Títulos e Val. Mob.;Ativa;Determinado;09/11/2023;30/jun;S;N;N;S;N;RJI CTVM LTDA;14.631.148/000;RUA DO OUVIDOR;97;7 andar;CENTRO;RIO DE JANEIRO;RJ;20040030;21 3500-4500;21 3500-4541;;www.rjicv.com.br;backoffice.adm@rjicv.com.br
14.788.492/0001-36;01/06/2023;1;28/09/2023;FII - FII PATEO BANDEIRANTES;21/01/2013;INVESTIDORES EM GERAL;BRPATBCTF004;3869378;N;N;Renda;Híbrido;Ativa;Indeterminado;;30/jun;S;N;N;S;N;BTG PACTUAL SERVICOS FINANCEIROS S/A DTVM;5,92813E+13;Praia de Botafogo;501;6º Andar;Botafogo;Rio de Janeiro;RJ;22250-040;(11)3383-3102;;;www.btgpactual.com;ri.fundoslistados@btgpactual.com
15.461.076/0001-91;01/12/2023;1;19/01/2024;FUNDO DE INVESTIMENTOS IMOBILIÁRIO BR HOTÉIS FII;22/08/2012;INVESTIDOR QUALIFICADO E PROFISSIONAL;BRBRHTCTF005;1841677;S;N;Desenvolvimento para Renda;Hotel;Ativa;Indeterminado;;31/dez;S;N;N;S;N;RJI CORRETORA DE TÍTULOS E VALORES MOBILIÁRIOS LTDA;4,20663E+13;AVENIDA RIO BRANCO;138;4 ANDAR;Centro;Rio de Janeiro -RJ;RJ;20040-002;21-3500-4514;;;WWW.RJICV.COM.BR;Controladoria.fundos@rjicv.com.br
16.543.270/0001-89;01/12/2023;1;19/01/2024;SÃO DOMINGOS - FUNDO DE INVESTIMENTO IMOBILÁRIO - FII;21/05/2014;INVESTIDOR QUALIFICADO;BRFISDCTF006;1072588.36;N;N;Títulos e Valores Mobiliários;Títulos e Val. Mob.;Ativa;Determinado;20/05/2022;31/dez;S;N;N;S;N;RJI CTVM LTDA;1,65433E+13;AVENIDA RIO BRANCO;138;4 ANDAR;CENTRO;RIO DE JANEIRO;RJ;20040002;21 3500-4514;;;www.rjicv.com.br;Controladoria.fundos@rjicv.com.br
16.706.958/0001-32;01/06/2023;1;27/09/2023;KINEA RENDIMENTOS IMOBILIÁRIOS FII;15/10/2012;INVESTIDORES EM GERAL;BRKNCRCTF000;57097087;N;N;Títulos e Valores Mobiliários;Títulos e Val. Mob.;Ativa;Indeterminado;;30/jun;S;N;N;S;N;INTRAG DISTR DE TÍTULOS E VALORES MOBILIÁRIOS LTDA;6,24181E+13;AV BRIGADEIRO FARIA LIMA;3400;10º andar;ITAIM BIBI;SÃO PAULO;SP;04538-132;55-(11)30726012;;;www.intrag.com.br;produtosestruturados@itau-unibanco.com.br
16.802.360/0001-47;01/06/2023;1;26/09/2023;FUNDO DE INVESTIMENTO IMOBILIÁRIO SOFI;03/04/2017;INVESTIDOR QUALIFICADO;BRFSOFCTF009;1.263.929.917.225;N;N;Renda;Híbrido;Ativa;Indeterminado;;30/jun;N;N;S;N;N;PLANNER CORRETORA DE VALORES S.A.;00806535000154;Avenida Brigadeiro Faria Lima;3900;10º andar;Itaim Bibi;São Paulo;SP;04538-132;(11) 2172-2667;0800 179 444;(11) 2172-2600;www.planner.com.br;investfundos@planner.com.br
16.924.913/0001-34;01/06/2023;1;28/09/2023;VISTA REAL ESTATE FUNDO DE INVESTIMENTO IMOBILIARIO;06/09/2016;INVESTIDOR QUALIFICADO;BRVREFCTF009;84100000;N;N;Desenvolvimento para Venda;Híbrido;Ativa;Determinado;06/09/2023;30/jun;S;S;N;N;S;BANCO GENIAL S.A;4,52464E+13;PR DE BOTAFOGO;228;SALA 907;BOTAFOGO;RIO DE JANEIRO;RJ;22.250-040;113206-8000;213293-3000;;WWW.BANCOGENIAL.COM;MIDDLEADM@GENIAL.COM.VC
17.007.443/0001-07;01/06/2023;1;28/09/2023;TRANSINC FII FII;05/08/2013;INVESTIDORES EM GERAL;BRTSNCCTF009;1086780;N;N;Híbrido;Híbrido;Ativa;Indeterminado;;30/jun;S;N;N;S;N;BTG PACTUAL SERVICOS FINANCEIROS S/A DTVM;5,92813E+13;Praia de Botafogo;501;6º Andar;Botafogo;Rio de Janeiro;RJ;22250-040;(11)3383-3102;;;www.btgpactual.com;ri.fundoslistados@btgpactual.com
17.007.528/0001-95;01/06/2023;1;25/09/2023;FUNDO DE INVESTIMENTO IMOBILIARIO GENERAL SEVERIANO;04/05/2016;INVESTIDOR QUALIFICADO E PROFISSIONAL;BRGESECTF001;52000;N;N;Títulos e Valores Mobiliários;Híbrido;Passiva;Determinado;04/07/2036;30/jun;S;S;N;S;S;BTG PACTUAL SERVIÇOS FINANCEIROS S/A DTVM;5,92813E+13;Praia de Botafogo;501;5º andar - parte;Botafogo;Rio de Janeiro;RJ;22250040;(21) 3262-9600;;;https://www.btgpactual.com/;ol-reguladores@btgpactual.com
17.035.124/0001-05;01/06/2023;1;25/09/2023;FUNDO DE INVESTIMENTO IMOBILIÁRIO HUMAITÁ - FII;15/12/2014;INVESTIDOR QUALIFICADO;BREDOMCTF000;1000;N;N;Híbrido;Híbrido;Ativa;Indeterminado;;30/jun;N;S;N;N;S;BTG PACTUAL SERVIÇOS FINANCEIROS S/A DTVM;5,92813E+13;Praia de Botafogo;501;5º andar - parte;Botafogo;Rio de Janeiro;RJ;22250040;(21) 3262-9600;;;https://www.btgpactual.com/;ol-reguladores@btgpactual.com
17.161.979/0001-82;01/12/2023;1;09/03/2024;FUNDO DE INVESTIMENTO PEDRA NEGRA RENDA IMOBILIÁRIA;14/02/2013;INVESTIDORES EM GERAL;BRFPNGCTF005;2001355;N;N;Renda;Híbrido;Ativa;Indeterminado;;31/dez;S;N;N;S;N;BR-CAPITAL DISTRIB. TITULOS E VALORES MOBILIÁRIOS S.A.;4,4077E+13;AV. DAS NAÇÕES UNIDAS;11857;CONJ. 111;BROOKLIN PAULISTA;SÃO PAULO;SP;04578-908;(11) 5508-3500;;;www.brcapital.com.br;fundos@brcapital.com.br
17.216.625/0001-98;01/06/2023;1;18/09/2023;JPP CAPITAL FUNDO DE INVESTIMENTO IMOBILIÁRIO - FII;03/05/2013;INVESTIDORES EM GERAL;BRJPPCCTF001;55000;N;N;Híbrido;Híbrido;Ativa;Determinado;31/12/2024;30/jun;S;N;N;S;N;BANCO FINAXIS S.A.;1,17587E+13;Rua Pasteur;463;11° andar;Água Verde;Curitiba;PR;80250 -104;(41) 3074-0909;(41) 3074-5817;(41) 3074-5787;http://finaxis.com.br/;atendimento@finaxis.com.br
18.259.637/0001-62;01/06/2023;1;25/09/2023;ETR PROPERTIES FUNDO DE INVESTIMENTO IMOBILIÁRIO - FII;05/09/2013;INVESTIDOR QUALIFICADO;BR044ZCTF002;185.8;S;N;Renda;Híbrido;Ativa;Indeterminado;;30/jun;N;N;S;N;N;VORTX DISTRIBUIDORA DE TITULOS E VALORES MOBILIARIOS LTDA.;1,82596E+13;Rua Gilberto Sabino;215;4º Andar;Pinheiros;São Paulo;SP;5425020;11 3030-7177;;;www.vortx.com.br;fundos@vortx.com.br
18.369.510/0001-04;01/06/2023;1;27/09/2023;FUNDO DE INVESTIMENTO IMOBILIÁRIO INFRA REAL ESTATE - FII;04/10/2013;INVESTIDOR QUALIFICADO;BRFINFCTF002;8.201.127.613.235;N;N;Desenvolvimento para Renda;Logística;Ativa;Indeterminado;;30/jun;S;S;N;S;S;TRUSTEE DISTRIBUIDORA DE TITULOS E VALORES MOBILIARIOS LTDA.;6,70304E+13;Avenida Brigadeiro Faria Lima;3477;11º andar;Itaim Bibi;São Paulo;SP;04538-133;0800 930 0930;;;www.trusteedtvm.com.br;ouvidoria@trusteedtvm.com.br
18.730.914/0001-73;01/06/2023;1;27/09/2023;FII EXCLUSIVO INFRA PATRIMONIAL II;06/09/2013;INVESTIDOR PROFISSIONAL;0;551.165.906;N;N;Híbrido;Outros;Ativa;Indeterminado;;30/jun;N;N;S;N;N;TRUSTEE DISTRIBUIDORA DE TITULOS E VALORES MOBILIARIOS LTDA.;6,70304E+13;Avenida Brigadeiro Faria Lima;3477;11º andar;Itaim Bibi;São Paulo;SP;04538-133;0800 930 0930;;;www.trusteedtvm.com.br;ouvidoria@trusteedtvm.com.br
18.979.895/0001-13;01/06/2023;1;28/09/2023;CAPITANIA SECURITIES II FII - FII;07/08/2014;INVESTIDORES EM GERAL;BRCPTSCTF004;31782814;N;N;Títulos e Valores Mobiliários;Títulos e Val. Mob.;Ativa;Indeterminado;;30/jun;S;N;N;S;N;BTG PACTUAL SERVICOS FINANCEIROS S/A DTVM;5,92813E+13;Praia de Botafogo;501;6º Andar;Botafogo;Rio de Janeiro;RJ;22250-040;(11)3383-3102;;;www.btgpactual.com;ri.fundoslistados@btgpactual.com
19.249.956/0001-50;01/06/2023;1;28/09/2023;LA DEFÉNSE FUNDO DE INVESTIMENTO IMOBILIÁRIO - FII;11/10/2013;INVESTIDORES EM GERAL;BRICTUCTF005;14350;N;N;Renda;Lajes Corporativas;Passiva;Indeterminado;;30/jun;N;S;N;N;S;OLIVEIRA TRUST DTVM S.A.;1,925E+13;Av. das Américas;3434;Bl. 07, Sala 201;Barra da Tijuca;Rio de Janeiro;RJ;22640-102;(21) 3514-0000;;;www.oliveiratrust.com.br;ger2.fundos@oliveiratrust.com.br
19.249.989/0001-08;01/06/2023;1;25/09/2023;RB CAPITAL DESENVOLVIMENTO RESIDENCIAL III - FII;30/04/2019;INVESTIDOR QUALIFICADO;BRRSPDCTF006;149011;S;N;Desenvolvimento para Venda;Residencial;Ativa;Determinado;30/04/2025;30/jun;S;N;N;S;N;OLIVEIRA TRUST DTVM S.A.;1,925E+13;Avenida das Américas;3434;Bl. 07 Sala 201;Barra da Tijuca;Rio de Janeiro;RJ;22640-102;(21) 3514-0000;;;www.oliveiratrust.com.br;ger2.fundos@oliveiratrust.com.br
19.872.887/0001-36;01/06/2023;1;27/09/2023;FII MINT EDUCACIONAL;20/03/2020;INVESTIDORES EM GERAL;BRMINTCTF009;520000;N;N;Híbrido;Outros;Ativa;Indeterminado;;30/jun;S;N;N;S;N;BTG PACTUAL SERVICOS FINANCEIROS S/A DTVM;5,92813E+13;Praia de Botafogo;501;6º Andar;Botafogo;Rio de Janeiro;RJ;22250-040;(11)3383-3102;;;www.btgpactual.com;ri.fundoslistados@btgpactual.com
20.019.120/0001-48;01/06/2023;1;28/09/2023;FII 4KIDS;13/11/2014;INVESTIDOR QUALIFICADO;BR00GECTF009;1638907;S;N;Renda;Outros;Ativa;Determinado;11/11/2064;30/jun;N;N;S;S;N;BTG PACTUAL SERVICOS FINANCEIROS S/A DTVM;5,92813E+13;Praia de Botafogo;501;6º Andar;Botafogo;Rio de Janeiro;RJ;22250-040;(11)3383-3102;;;www.btgpactual.com;ri.fundoslistados@btgpactual.com
20.132.453/0001-89;01/06/2023;1;04/10/2023;FUNDO DE INVESTIMENTO IMOBILIARIO TC BTOWERS;26/06/2014;INVESTIDORES EM GERAL;BRTCWSCTF000;80.926.971.085.469;N;N;Renda;Lajes Corporativas;Ativa;Indeterminado;;30/jun;S;N;N;S;N;BRL TRUST DTVM S.A.;1,34868E+13;Rua Iguatemi;151;19º andar;Itaim Bibi;São Paulo;SP;01451-011;(11) 3133-0350;;;www.brltrust.com.br;juridico.fii@brltrust.com.br
20.173.064/0001-00;01/06/2023;1;28/09/2023;RESIDENCIAIS ONE FII;21/08/2014;INVESTIDOR QUALIFICADO;BRBKOICTF009;50107;N;N;Desenvolvimento para Venda;Híbrido;Ativa;Indeterminado;;30/jun;S;N;N;S;N;BTG PACTUAL SERVICOS FINANCEIROS S/A DTVM;5,92813E+13;Praia de Botafogo;501;6º Andar;Botafogo;Rio de Janeiro;RJ;22250-040;(11)3383-3102;;;www.btgpactual.com;ri.fundoslistados@btgpactual.com
20.990.694/0001-69;01/06/2023;1;26/09/2023;FGRP FUNDO DE INVESTIMENTO IMOBILIÁRIO;01/03/2018;INVESTIDOR QUALIFICADO;BRGBXPCTF003;18.422.583.003.927;N;N;Híbrido;Híbrido;Ativa;Indeterminado;;30/jun;N;N;S;N;N;PLANNER CORRETORA DE VALORES S.A.;00806535000154;Avenida Brigadeiro Faria Lima;3900;10º andar;Itaim Bibi;São Paulo;SP;04538-132;(11) 2172-2667;0800 179 444;(11) 2172-2600;www.planner.com.br;investfundos@planner.com.br
21.500.500/0001-62;01/06/2023;1;28/09/2023;SHOPPING INTERNACIONAL GUARULHOS FII;11/09/2015;INVESTIDOR QUALIFICADO;-;1752306;N;N;Renda;Shoppings;Ativa;Indeterminado;;30/jun;N;N;S;N;N;XP INVESTIMENTOS CCTVM S.A.;02332886000104;Av. Ataulfo de Paiva;153;5º e 8º Andares;Leblon;Rio de Janeiro;RJ;22440-033;(11) 3027-2237;;;www.xpi.com.br;regulatorio-ams@xpi.com.br
21.500.514/0001-86;01/06/2023;1;28/09/2023;PARKING PARTNERS FUNDO DE INVESTIMENTO IMOBILIÁRIO - FII;11/06/2016;INVESTIDOR PROFISSIONAL;BRVTVICTF003;1780984;S;S;Renda;Outros;Ativa;Indeterminado;;30/jun;N;S;N;N;S;BV DISTRIBUIDORA DE TÍTULOS E VALORES MOBILIÁRIOS S.A.;2,15005E+13;Avenida das Nações Unidas;14171;Torre A - 11º andar;Vila Gertrudes;São Paulo;SP;04794-000;(11) 5171-5359;;;www.vam.com.br;RI-VAM@bv.com.br
22.103.617/0001-75;01/06/2023;1;28/08/2023;TC ALMAVI FUNDO DE INVESTIMENTO IMOBILIARIO - FII;23/09/2015;INVESTIDOR PROFISSIONAL;BR028KCTF007;84969815.76;N;N;Híbrido;Outros;Ativa;Indeterminado;;30/jun;N;N;S;N;N;VORTX DISTRIBUIDORA DE TITULOS E VALORES MOBILIARIOS LTDA.;2,21036E+13;Rua Gilberto Sabino;215;4º Andar;Pinheiros;São Paulo;SP;5425020;11 3030-7177;;;www.vortx.com.br;admfundos@vortx.com.br
22.459.737/0001-00;01/06/2023;1;28/09/2023;MULTI SHOPPINGS FII FII;24/03/2016;INVESTIDORES EM GERAL;BRSHOPCTF004;1481266;N;N;Renda;Híbrido;Ativa;Indeterminado;;30/jun;S;N;N;S;N;BTG PACTUAL SERVICOS FINANCEIROS S/A DTVM;5,92813E+13;Praia de Botafogo;501;6º Andar;Botafogo;Rio de Janeiro;RJ;22250-040;(11)3383-3102;;;www.btgpactual.com;ri.fundoslistados@btgpactual.com
23.648.935/0001-84;01/06/2023;1;28/09/2023;FII MAUA CAPITAL RECEBIVEIS IMOBILIARIOS  FII;21/08/2019;INVESTIDORES EM GERAL;BRMCCICTF008;16960024;N;N;Títulos e Valores Mobiliários;Títulos e Val. Mob.;Ativa;Indeterminado;;30/jun;S;N;N;S;N;BTG PACTUAL SERVICOS FINANCEIROS S/A DTVM;5,92813E+13;Praia de Botafogo;501;6º Andar;Botafogo;Rio de Janeiro;RJ;22250-040;(11)3383-3102;;;www.btgpactual.com;ri.fundoslistados@btgpactual.com
23.740.595/0001-17;01/06/2023;1;28/09/2023;FUNDO DE INVESTIMENTO IMOBILIÁRIO VOTORANTIM SHOPPING;30/08/2018;INVESTIDORES EM GERAL;BRVSHOCTF002;2098800;N;N;Renda;Shoppings;Ativa;Indeterminado;;30/jun;S;N;N;S;N;BV DISTRIBUIDORA DE TÍTULOS E VALORES MOBILIÁRIOS S.A.;2,37406E+13;Avenida das Nações Unidas;14171;torre A - 11º andar;Vila Gertrudes;São Paulo;SP;04794-000;(11) 5171-5359;;;www.vam.com.br;RI-VAM@bv.com.br
23.876.086/0001-16;01/06/2023;1;26/09/2023;JT PREV FUNDO DE INVESTIMENTO IMOBILIÁRIO D. HAB;16/11/2021;INVESTIDORES EM GERAL;BRJTPRCTF001;21.467.489.786.655;N;S;Desenvolvimento para Venda;Residencial;Ativa;Determinado;16/11/2021;30/jun;S;N;N;S;N;PLANNER CORRETORA DE VALORES S.A.;00806535000154;Avenida Brigadeiro Faria Lima;3900;10º andar;Itaim Bibi;São Paulo;SP;04538-132;(11) 2172-2667;0800 179 444;(11) 2172-2600;www.planner.com.br;investfundos@planner.com.br
23.964.843/0001-03;01/06/2023;2;04/10/2023;BRIO REAL ESTATE II;06/07/2018;INVESTIDORES EM GERAL;BRBRIMCTF008;12.413.731.422.842;N;N;Híbrido;Residencial;Ativa;Determinado;06/07/2023;Junho;S;N;N;S;N;BRL TRUST DTVM S.A.;1,34868E+13;Rua Alves Guimarães;1216;;Pinheiros;São Paulo;SP;05410-002;(11) 3509-0600;;;www.brltrust.com.br;juridico.fii@apexgroup.com
24.960.430/0001-13;01/06/2023;1;27/09/2023;KINEA INDICES DE PREÇOS FII;16/09/2016;INVESTIDOR QUALIFICADO;BRKNIPCTF001;80078186;N;N;Títulos e Valores Mobiliários;Títulos e Val. Mob.;Ativa;Indeterminado;;30/jun;S;N;N;S;N;INTRAG DISTR DE TÍTULOS E VALORES MOBILIÁRIOS LTDA;6,24181E+13;AV BRIGADEIRO FARIA LIMA;3400;10º andar;ITAIM BIBI;SÃO PAULO;SP;04538-132;55-(11)30726012;;;www.intrag.com.br;produtosestruturados@itau-unibanco.com.br
26.091.656/0001-50;01/06/2023;1;18/09/2023;OURINVEST JPP FUNDO DE INVESTIMENTO IMOBILIÁRIO - FII;30/11/2016;INVESTIDORES EM GERAL;BROUJPCTF006;3252384;N;N;Títulos e Valores Mobiliários;Híbrido;Ativa;Indeterminado;;30/jun;S;N;N;S;N;FINAXIS CORRETORA;03317692000194;Avenida Paulista;1842;Torre Norte 1º andar cj. 17;Cerqueira Cesar;São Paulo;SP;01310-923;(11) 3526 9001;;;https://corretora.finaxis.com.br/;atendimento@finaxis.com.br
26.269.251/0001-60;01/06/2023;1;28/09/2023;WHITE BEAR FUNDO DE INVESTIMENTO IMOBILIÁRIO;21/10/2018;INVESTIDOR QUALIFICADO;00000;319.773.176.153;N;N;Títulos e Valores Mobiliários;Títulos e Val. Mob.;Ativa;Determinado;21/10/2023;30/jun;S;N;N;S;N;ÍNDIGO INVESTIMENTOS DTVM LTDA;2,62693E+13;AV BRIGADEIRO FARIA LIMA;3900;6º ANDAR;ITAIM BIBI;SÃO PAULO;SP;01451-010;11 3113-0060;11 3113-0069;;www.indigodtvm.com.br;informeslegais@indigoinvestimentos.com.br
26.314.437/0001-93;01/06/2023;1;28/09/2023;FII  FII RBR DESENVOLVIMENTO;27/01/2017;INVESTIDOR QUALIFICADO;BRRBRMCTF009;539;N;N;Renda;Títulos e Val. Mob.;Ativa;Indeterminado;;30/jun;S;N;N;S;N;BTG PACTUAL SERVICOS FINANCEIROS S/A DTVM;5,92813E+13;Praia de Botafogo;501;6º Andar;Botafogo;Rio de Janeiro;RJ;22250-040;(11)3383-3102;;;www.btgpactual.com;ri.fundoslistados@btgpactual.com
26.614.291/0001-00;01/06/2023;1;13/09/2023;GGR COVEPI RENDA FUNDO DE INVESTIMENTO IMOBILIÁRIO;11/01/2017;INVESTIDORES EM GERAL;BRGGRCCTF002;8134118;N;N;Desenvolvimento para Renda;Logística;Ativa;Indeterminado;;30/jun;S;N;N;S;N;CM CAPITAL MARKETS DTVM LTDA;2,66143E+13;Rua Gomes de Carvalho;1195;4º ANDAR;Vila Olímpia;SÃO PAULO;SP;04547-004;(11) 3842-1122;(11) 3044-3547;;www.cmcapital.com.br;fundos@cmcapital.com.br
26.846.134/0001-11;01/06/2023;1;26/09/2023;FUNDO DE INVESTIMENTO IMOBILIÁRIO BRASIL LAND;07/08/2018;INVESTIDOR PROFISSIONAL;BR01M9CTF002;6952.3;N;N;Desenvolvimento para Renda;Lajes Corporativas;Ativa;Indeterminado;;30/jun;N;S;N;N;S;BANCO DAYCOVAL S/A;6,22329E+13;AV. PAULISTA;1793;2° andar;Bela Vista;São Paulo;SP;01311200;(11) 3138-0921;(11) 3138-1678;(11) 3138-1678;www.daycoval.com.br;middlesmc@bancodaycoval.com.br
26.846.280/0001-47;01/06/2023;1;27/09/2023;FUNDO DE INVESTIMENTO IMOBILIÁRIO FUTURO;16/05/2018;INVESTIDOR PROFISSIONAL;BR00MQCTF001;115.878.359.302;N;S;Títulos e Valores Mobiliários;Híbrido;Ativa;Indeterminado;;30/jun;N;N;S;N;N;WARREN CORRETORA DE VALORES MOBILIÁRIOS E CÂMBIO LTDA.;9,28758E+13;AV. OSVALDO ARANHA;720;SALA 201;BOM FIM;PORTO ALEGRE;RS;90035-191;(51) 3907-4080;;;WWW.WARREN.COM.BR;CONTROLES.FIDUCIARIOS@WARREN.COM.BR
27.445.482/0001-40;01/06/2023;1;28/09/2023;HEDGE AAA FUNDO DE INVESTIMENTO IMOBILIÁRIO;26/11/2020;INVESTIDORES EM GERAL;BRHAAACTF003;3455000;N;N;Renda;Lajes Corporativas;Ativa;Indeterminado;;30/jun;S;N;N;S;N;HEDGE INVESTMENTS DTVM LTDA;07253654000176;AVENIDA BRIGADEIRO FARIA LIMA;3600;11º ANDAR CJ 112;ITAIM BIBI;SÃO PAULO;SP;04538-132;(11) 5412-5400;;;www.hedgeinvest.com.br;dtvm@hedgeinvest.com.br
27.539.651/0001-00;01/06/2023;1;03/10/2023;TRADE INVEST CARE II FUNDO DE INVESTIMENTO IMOBILIÁRIO;25/06/2020;INVESTIDOR PROFISSIONAL;0;3.032.701.972.034;S;N;Renda;Híbrido;Ativa;Indeterminado;;30/jun;N;N;S;N;N;REAG DISTRIBUIDORA DE TITULOS E VALORES MOBILIARIOS S.A;3,483E+13;Av Faria Lima;2277;17º andar;Jardim Paulistano;São Paulo;SP;01452000;11 3504-1300;;;www.reag.com.br;dtvm@reag.com.br
27.882.134/0001-30;01/06/2023;1;27/09/2023;APOLO FUNDO DE INVESTIMENTO IMOBILIÁRIO;19/05/2021;INVESTIDOR QUALIFICADO;BR09F9CTF003;420.754.971.577;N;N;Híbrido;Híbrido;Ativa;Indeterminado;;30/jun;S;N;N;S;N;TRUSTEE DISTRIBUIDORA DE TITULOS E VALORES MOBILIARIOS LTDA.;6,70304E+13;Avenida Brigadeiro Faria Lima;3477;11º andar;Itaim Bibi;São Paulo;SP;04538-133;0800 930 0930;;;www.trusteedtvm.com.br;ouvidoria@trusteedtvm.com.br
28.267.696/0001-36;01/06/2023;1;28/09/2023;RIZA ARCTIUM REAL ESTATE FII;23/05/2019;INVESTIDORES EM GERAL;BRARCTCTF008;3708168;N;N;Híbrido;Híbrido;Ativa;Indeterminado;;30/jun;S;N;N;S;N;BTG PACTUAL SERVICOS FINANCEIROS S/A DTVM;5,92813E+13;Praia de Botafogo;501;6º Andar;Botafogo;Rio de Janeiro;RJ;22250-040;(11)3383-3102;;;www.btgpactual.com;ri.fundoslistados@btgpactual.com
28.516.325/0001-40;01/06/2023;1;28/08/2023;XP INDUSTRIAL FUNDO DE INVESTIMENTO IMOBILIÁRIO;04/07/2018;INVESTIDOR QUALIFICADO;BRXPINCTF004;715.042.200.000.143;N;N;Renda;Outros;Ativa;Indeterminado;;30/jun;S;N;N;S;N;VORTX DISTRIBUIDORA DE TITULOS E VALORES MOBILIARIOS LTDA.;2,85163E+13;Rua Gilberto Sabino;215;4º Andar;Pinheiros;São Paulo;SP;5425020;11 3030-7177;;;www.vortx.com.br;fundos@vortx.com.br
28.737.771/0001-85;01/06/2023;1;28/09/2023;ALIANZA TRUST RENDA IMOBILIARIA FII;27/12/2017;INVESTIDORES EM GERAL;BRALZRCTF006;9860406;N;N;Renda;Híbrido;Ativa;Indeterminado;;30/jun;S;N;N;S;N;BTG PACTUAL SERVICOS FINANCEIROS S/A DTVM;5,92813E+13;Praia de Botafogo;501;6º Andar;Botafogo;Rio de Janeiro;RJ;22250-040;(11)3383-3102;;;www.btgpactual.com;ri.fundoslistados@btgpactual.com
28.757.546/0001-00;01/06/2023;1;28/09/2023;XP MALLS FII FII;22/12/2017;INVESTIDORES EM GERAL;BRXPMLCTF000;25117345;N;N;Renda;Shoppings;Ativa;Indeterminado;;30/jun;S;N;N;S;N;XP INVESTIMENTOS CCTVM S.A.;02332886000104;Av. Ataulfo de Paiva;153;5º e 8º Andares;Leblon;Rio de Janeiro;RJ;22440-033;(11) 3027-2237;;;www.xpi.com.br;regulatorio-ams@xpi.com.br
28.830.325/0001-10;01/06/2023;1;28/09/2023;FII IRIDIUM RECEBIVEIS IMOBILIARIOS;06/03/2018;INVESTIDORES EM GERAL;BRIRDMCTF004;36433827;N;N;Títulos e Valores Mobiliários;Títulos e Val. Mob.;Ativa;Indeterminado;;30/jun;S;N;N;S;N;BTG PACTUAL SERVICOS FINANCEIROS S/A DTVM;5,92813E+13;Praia de Botafogo;501;6º Andar;Botafogo;Rio de Janeiro;RJ;22250-040;(11)3383-3102;;;www.btgpactual.com;ri.fundoslistados@btgpactual.com
28.899.178/0001-35;01/06/2023;1;28/09/2023;FUNDO DE INVESTIMENTO IMOBILIARIOS HIRE PROPERTIES;01/07/2019;INVESTIDOR QUALIFICADO;BR027ICTF003;10.746.566.695;N;N;Híbrido;Híbrido;Ativa;Indeterminado;;30/jun;N;N;S;N;N;BRL TRUST DTVM S.A.;1,34868E+13;Rua Alves Guimarães;1216;;Pinheiros;São Paulo;SP;05410-002;(11) 3509-0600;;;www.brltrust.com.br;juridico.fii@apexgroup.com
29.467.977/0001-03;01/06/2023;1;28/09/2023;FII - FII RBR RENDIMENTO HIGH GRADE;02/05/2018;INVESTIDORES EM GERAL;BRRBRRCTF008;13438908;N;N;Títulos e Valores Mobiliários;Títulos e Val. Mob.;Ativa;Indeterminado;;30/jun;S;N;N;S;N;BTG PACTUAL SERVICOS FINANCEIROS S/A DTVM;5,92813E+13;Praia de Botafogo;501;6º Andar;Botafogo;Rio de Janeiro;RJ;22250-040;(11)3383-3102;;;www.btgpactual.com;ri.fundoslistados@btgpactual.com
29.852.732/0001-91;01/06/2023;1;27/09/2023;VALORA CRI CDI FII  FII;27/07/2018;INVESTIDORES EM GERAL;BRVGIRCTF008;103220707;N;N;Títulos e Valores Mobiliários;Títulos e Val. Mob.;Ativa;Indeterminado;;30/jun;S;N;N;S;N;BTG PACTUAL SERVICOS FINANCEIROS S/A DTVM;5,92813E+13;Praia de Botafogo;501;6º Andar;Botafogo;Rio de Janeiro;RJ;22250-040;(11)3383-3102;;;www.btgpactual.com;ri.fundoslistados@btgpactual.com
30.091.444/0001-40;01/06/2023;1;31/08/2023;FUNDO DE FUNDOS DE INVESTIMENTO IMOBILIÁRIO KINEA FII;03/09/2018;INVESTIDORES EM GERAL;BRKFOFCTF006;4533315;N;N;Títulos e Valores Mobiliários;Títulos e Val. Mob.;Ativa;Indeterminado;;30/jun;S;N;N;S;N;INTRAG DISTRIBUIDORA DE TÍTULOS E VALORES MOBILIÁRIOS LTDA;6,24181E+13;AV BRIGADEIRO FARIA LIMA;3400;10º ANDAR;ITAIM BIBI;SÃO PAULO;SP;04538-132;55(11) 30726012;;;www.intrag.com.br;produtosestruturados@itau-unibanco.com.br
30.091.506/0001-14;01/12/2023;1;09/02/2024;FUNDO DE INVESTIMENTO IMOBILIARIO NOVA IGUACU - FII;26/03/2018;INVESTIDORES EM GERAL;0;1858610;S;N;Renda;Shoppings;Passiva;Indeterminado;;31/dez;N;S;N;S;N;BTG PACTUAL SERVIÇOS FINANCEIROS S/A DTVM;5,92813E+13;Praia de Botafogo;501;Torre Corcovado, 5º andar - parte;Botafogo;Rio de Janeiro;RJ;22250040;(21) 3262-9600;;;https://www.btgpactual.com/;ol-reguladores@btgpactual.com
30.130.708/0001-28;01/06/2023;1;27/09/2023;KINEA HIGH YIELD CRI FUNDO DE INVESTIMENTO IMOBILIÁRIO FII;03/07/2018;INVESTIDOR QUALIFICADO;BRKNHYCTF005;18490843;N;N;Títulos e Valores Mobiliários;Títulos e Val. Mob.;Ativa;Indeterminado;;30/jun;S;N;N;S;N;INTRAG DISTR DE TÍTULOS E VALORES MOBILIÁRIOS LTDA;6,24181E+13;AV BRIGADEIRO FARIA LIMA;3400;10º andar;ITAIM BIBI;SÃO PAULO;SP;04538-132;55-(11)30726012;;;www.intrag.com.br;produtosestruturados@itau-unibanco.com.br
30.166.700/0001-11;01/06/2023;1;28/09/2023;FII RBR CREDITO IMOBILIARIO HIGH YIELD;24/05/2018;INVESTIDORES EM GERAL;BRRBRYCTF004;5546804;N;N;Títulos e Valores Mobiliários;Títulos e Val. Mob.;Ativa;Indeterminado;;30/jun;S;N;N;S;N;BTG PACTUAL SERVICOS FINANCEIROS S/A DTVM;5,92813E+13;Praia de Botafogo;501;6º Andar;Botafogo;Rio de Janeiro;RJ;22250-040;(11)3383-3102;;;www.btgpactual.com;ri.fundoslistados@btgpactual.com
30.629.603/0001-18;01/06/2023;1;28/09/2023;FII - VBI LOGISTICO;09/11/2018;INVESTIDORES EM GERAL;BRLVBICTF002;11775177;N;N;Renda;Logística;Ativa;Indeterminado;;30/jun;S;N;N;S;N;BTG PACTUAL SERVICOS FINANCEIROS S/A DTVM;5,92813E+13;Praia de Botafogo;501;6º Andar;Botafogo;Rio de Janeiro;RJ;22250-040;(11)3383-3102;;;www.btgpactual.com;ri.fundoslistados@btgpactual.com
30.816.679/0001-52;01/06/2023;1;18/09/2023;KINEA CO-INVESTIMENTO FUNDO DE INVESTIMENTO IMOBILIÁRIO;22/03/2019;INVESTIDOR QUALIFICADO;BR003HCTF006;23.871.275.642;N;N;Títulos e Valores Mobiliários;Títulos e Val. Mob.;Ativa;Determinado;21/03/2033;30/jun;S;N;N;S;N;INTRAG DISTRIBUIDORA DE TÍTULOS E VALORES MOBILIÁRIOS LTDA;6,24181E+13;AV BRIGADEIRO FARIA LIMA;3400;10º Andar;ITAIM BIBI;SÃO PAULO;SP;04538132;55 (11) 30726012;;;www.intrag.com.br;produtosestruturados@itau-unibanco.com.br
30.846.692/0001-54;01/06/2023;1;28/09/2023;METROPOLITANO - FUNDO DE INVESTIMENTO IMOBILIÁRIO - FII;15/05/2019;INVESTIDOR PROFISSIONAL;;13.854.011.716.906;N;N;Híbrido;Híbrido;Passiva;Indeterminado;;30/jun;N;S;N;N;S;OLIVEIRA TRUST DTVM S.A.;3,08467E+13;Avenida das Américas;3434;Bloco 7, Sala 201;Barra da Tijuca;Rio de Janeiro;RJ;22640-102;(21) 3514-0000;;;www.oliveiratrust.com.br;ger2.fundos@oliveiratrust.com.br
30.982.880/0001-00;01/06/2023;1;18/09/2023;JPP CAPITAL RECEBIVEIS IMOBILIARIOS - FII;17/12/2018;INVESTIDORES EM GERAL;BRJPPACTF005;904050;N;N;Títulos e Valores Mobiliários;Híbrido;Ativa;Indeterminado;;30/jun;S;N;N;S;N;FINAXIS CORRETORA;03317692000194;Avenida Paulista;1842;Torre Norte 1º andar cj. 17;Cerqueira Cesar;São Paulo;SP;01310-923;(11) 3526 9001;;;http://finaxis.com.br/;atendimento@finaxis.com.br
31.161.410/0001-48;01/06/2023;1;25/09/2023;RB CAPITAL DESENVOLVIMENTO RESIDENCIAL IV FII;20/02/2020;INVESTIDORES EM GERAL;BRRBIRCTF007;1528615;N;N;Desenvolvimento para Venda;Residencial;Ativa;Determinado;20/02/2026;30/jun;S;N;N;S;N;OLIVEIRA TRUST DTVM S.A.;3,11614E+13;AVENIDA DAS AMÉRICAS;3434;BLOCO 7 - SALA 201;BARRA DA TIJUCA;RIO DE JANEIRO;RJ;22640-102;(21) 3514-0000;;;www.oliveiratrust.com.br;ger2.fundos@oliveiratrust.com.br
31.373.514/0001-16;01/06/2023;1;26/09/2023;SÃO JORGE FUNDO DE INVESTIMENTO IMOBILIÁRIO;16/10/2018;INVESTIDOR QUALIFICADO;00000;12231732.66;S;N;Títulos e Valores Mobiliários;Títulos e Val. Mob.;Ativa;Indeterminado;;30/jun;S;N;N;S;N;ÍNDIGO INVESTIMENTOS DTVM LTDA;3,13735E+13;AV BRIGADEIRO FARIA LIMA;3900;6º ANDAR;ITAIM BIBI;SÃO PAULO;SP;01451-010;11 3113-0060;3113-0069;;www.indigodtvm.com.br;informeslegais@indigoinvestimentos.com.br
31.544.514/0001-31;01/06/2023;1;18/09/2023;FUNDO DE INVESTIMENTO IMOBILIARIO MIRANTE DAS AGUAS;17/12/2018;INVESTIDOR PROFISSIONAL;000000;63666271.33;S;N;Títulos e Valores Mobiliários;Títulos e Val. Mob.;Ativa;Indeterminado;;30/jun;S;N;N;S;N;ÍNDIGO INVESTIMENTOS DTVM LTDA;3,15445E+13;Rua Iguatemi;192;25 ° Andar;Itaim Bibi;São Paulo;SP;14510-10;11 3113-0060;11 3113-0069;;www.indigodtvm.com.br;compliance@indigodtvm.com.br
32.317.313/0001-64;01/06/2023;1;13/09/2023;EVEN II KINEA FUNDO DE INVESTIMENTO IMOBILIÁRIO;13/02/2020;INVESTIDOR QUALIFICADO;BRKEVECTF007;14.770.099.711;N;N;Desenvolvimento para Venda;Residencial;Passiva;Determinado;13/02/2027;30/jun;S;N;N;S;N;INTRAG DISTRIBUIDORA DE TÍTULOS E VALORES MOBILIÁRIOS LTDA;6,24181E+13;AV BRIGADEIRO FARIA LIMA;3400;;ITAIM BIBI;SÃO PAULO;SP;04538132;55 (11) 30726012;;;www.intrag.com.br;produtosestruturados@itau-unibanco.com.br
32.400.250/0001-05;01/06/2023;1;14/09/2023;VECTIS JUROS REAL FUNDO DE INVESTIMENTO IMOBILIÁRIO - FII;09/10/2019;INVESTIDORES EM GERAL;BRVCJRCTF005;14723970;N;N;Títulos e Valores Mobiliários;Títulos e Val. Mob.;Ativa;Indeterminado;;30/jun;S;N;N;S;N;INTRAG DISTRIBUIDORA DE TÍTULOS E VALORES MOBILIÁRIOS LTDA;6,24181E+13;AV BRIGADEIRO FARIA LIMA;3400;10º Andar;ITAIM BIBI;SÃO PAULO;SP;04538132;55 (11) 30726012;;;www.intrag.com.br;produtosestruturados@itau-unibanco.com.br
32.400.264/0001-29;01/06/2023;1;27/09/2023;QUASAR CRÉDITO IMOBILIÁRIO FUNDO DE INVESTIMENTO IMOBILIÁRIO;07/04/2021;INVESTIDORES EM GERAL;BRQAMICTF002;801398;N;N;Títulos e Valores Mobiliários;Títulos e Val. Mob.;Ativa;Indeterminado;;30/jun;S;N;N;S;N;BANCO GENIAL S.A;4,52464E+13;PR DE BOTAFOGO;228;SALA 907;BOTAFOGO;RIO DE JANEIRO;RJ;22.250.040;219323-3000;113206-8000;;WWW.BANCOGENIAL.COM;MIDDLEADM@GENIAL.COM.VC
32.441.656/0001-36;01/06/2023;1;28/09/2023;FII - FII RBR DESENVOLVIMENTO III;16/04/2019;INVESTIDOR QUALIFICADO;BRRBRICTF007;136462;N;N;Renda;Híbrido;Ativa;Indeterminado;;30/jun;N;N;S;S;N;BTG PACTUAL SERVICOS FINANCEIROS S/A DTVM;5,92813E+13;Praia de Botafogo;501;6º Andar;Botafogo;Rio de Janeiro;RJ;22250-040;(11)3383-3102;;;www.btgpactual.com;ri.fundoslistados@btgpactual.com
32.527.552/0001-49;01/06/2023;1;28/09/2023;VIC DESENVOLVIMENTO VINTAGE 20/21 FII;17/03/2020;INVESTIDOR QUALIFICADO;BRVIDSCTF003;83432;N;N;Híbrido;Residencial;Ativa;Determinado;17/03/2030;30/jun;S;N;N;S;N;BANCO GENIAL S.A;4,52464E+13;PRAIA DE BOTAFOGO;228;SALA 907;BOTAFOGO;RIO DE JANEIRO;RJ;22.250-040;113206-8000;213293-3000;;WWW.BANCOGENIAL.COM;MIDDLEADM@GENIAL.COM.VC
32.527.626/0001-47;01/06/2023;1;28/09/2023;NEWPORT LOGISTICA FUNDO DE INVESTIMENTO IMOBILIARIO;27/09/2023;INVESTIDORES EM GERAL;BRNEWLCTF004;2033099;N;S;Renda;Logística;Ativa;Indeterminado;;30/jun;S;N;N;S;N;BANCO GENIAL. S.A;4,52464E+13;PR DE BOTAFOGO;228;SALA 907;BOTAFOGO;RIO DE JANEIRO;RJ;22.250-040;213923-3000;113206-8000;;WWW.BANCOGENIAL.COM;MIDDLEADM@GENIAL.COM.VC
32.527.683/0001-26;01/06/2023;1;28/09/2023;PLURAL RECEBIVEIS IMOBILIARIOS FII;06/11/2019;INVESTIDORES EM GERAL;BRPLCRCTF003;2109169;N;N;Títulos e Valores Mobiliários;Títulos e Val. Mob.;Ativa;Indeterminado;;30/jun;S;N;N;S;N;BANCO GENIAL S.A;4,52464E+13;PR DE BOTAFOGO;228;SALA 907;BOTAFOGO;RIO DE JANEIRO;RJ;22.250-040;113206-8000;213293-3000;;WWW.BANCOGENIAL.COM;MIDDLEADM@GENIAL.COM.VC
32.667.306/0001-92;01/06/2023;1;28/09/2023;M8 FII MULTIESTRATEGIA;17/05/2019;INVESTIDOR PROFISSIONAL;BR017CCTF007;35564;N;N;Híbrido;Híbrido;Ativa;Indeterminado;;30/jun;S;N;N;S;N;BTG PACTUAL SERVICOS FINANCEIROS S/A DTVM;5,92813E+13;Praia de Botafogo;501;6º Andar;Botafogo;Rio de Janeiro;RJ;22250-040;(11)3383-3102;;;www.btgpactual.com;ri.fundoslistados@btgpactual.com
32.754.734/0001-52;01/06/2023;1;27/09/2023;QUASAR AGRO - FII;07/11/2019;INVESTIDORES EM GERAL;BRQAGRCTF005;5040000;N;N;Renda;Outros;Ativa;Indeterminado;;30/jun;S;N;N;S;N;BTG PACTUAL SERVICOS FINANCEIROS S/A DTVM;5,92813E+13;Praia de Botafogo;501;6º Andar;Botafogo;Rio de Janeiro;RJ;22250-040;(11)3383-3102;;;www.btgpactual.com;ri.fundoslistados@btgpactual.com
32.774.914/0001-04;01/06/2023;1;28/09/2023;FUNDO DE INVESTIMENTO IMOBILIÁRIO DE UNIDADES AUTÔNOMAS;31/05/2021;INVESTIDOR PROFISSIONAL;BRIDFICTF007;2057925;N;S;Renda;Híbrido;Ativa;Indeterminado;;30/jun;N;N;S;N;N;ID CORRETORA DE TÍTULOS E VALORES MOBILIÁRIOS S.A.;1,66959E+13;AV JUSCELINO KUBITSCHEK;1726;CJ 194;VILA NOVA CONCEIÇÃO;SÃO PAULO;SP;04543-000;(11)46376633;;;WWW.IDSF.COM.BR;SUPERVISAO@IDSF.COM.BR
32.892.018/0001-31;01/06/2023;1;28/09/2023;HSI MALLS FUNDO DE INVESTIMENTO IMOBILIÁRIO;30/07/2019;INVESTIDORES EM GERAL;BRHSMLCTF007;15780613;N;N;Renda;Shoppings;Ativa;Indeterminado;;30/jun;S;N;N;S;N;S3 CACEIS BRASIL DTVM S.A.;3,2892E+13;Rua Amador Bueno;474;1 andar;Santo Amaro;São Paulo;SP;04752005;+55 (11) 5538-5489;;;www.s3dtvm.com.br;SC_fundosimobiliarios@s3caceis.com.br
32.903.621/0001-71;01/06/2023;1;28/09/2023;HSI LOGÍSTICA FUNDO DE INVESTIMENTO IMOBILIÁRIO;09/12/2019;INVESTIDORES EM GERAL;BRHSLGCTF009;12660067;N;N;Renda;Logística;Ativa;Indeterminado;;30/jun;S;N;N;S;N;BRL TRUST DTVM S.A.;1,34868E+13;Rua Alves Guimarães;1216;;Pinheiros;São Paulo;SP;05410-002;(11) 3509-0600;;;www.brltrust.com.br;juridico.fii@apexgroup.com
32.903.661/0001-13;01/06/2023;1;28/09/2023;HSI LOG II FUNDO DE INVESTIMENTO IMOBILIÁRIO;09/12/2019;INVESTIDOR QUALIFICADO;;33.726.427.205;S;N;Renda;Logística;Ativa;Indeterminado;;30/jun;N;N;S;N;N;BRL TRUST DTVM S.A;3,29037E+13;Rua Alves Guimarães;1216;;Pinheiros;São Paulo;SP;05410-002;(11) 3509-0600;;;www.brltrust.com.br;juridico.fii@apexgroup.com
33.046.142/0001-49;01/06/2023;2;29/09/2023;FII BTG PACTUAL SHOPPINGS;26/07/2019;INVESTIDOR QUALIFICADO;BRBPMLCTF006;4305079;N;N;Renda;Shoppings;Ativa;Indeterminado;;30/jun;S;N;N;S;N;BTG PACTUAL SERVICOS FINANCEIROS S/A DTVM;5,92813E+13;Praia de Botafogo;501;6º Andar;Botafogo;Rio de Janeiro;RJ;22250-040;(11)3383-3102;;;www.btgpactual.com;ri.fundoslistados@btgpactual.com
34.081.611/0001-23;01/06/2023;1;28/09/2023;CAPITANIA REIT FOF - FII;23/12/2019;INVESTIDORES EM GERAL;BRCPFFCTF000;2553074;N;N;Títulos e Valores Mobiliários;Títulos e Val. Mob.;Ativa;Indeterminado;;30/jun;S;N;N;S;N;BTG PACTUAL SERVICOS FINANCEIROS S/A DTVM;5,92813E+13;Praia de Botafogo;501;6º Andar;Botafogo;Rio de Janeiro;RJ;22250-040;(11)3383-3102;;;www.btgpactual.com;ri.fundoslistados@btgpactual.com
34.197.727/0001-22;01/06/2023;2;29/09/2023;MORE REAL ESTATE FOF FII FII;30/01/2020;INVESTIDORES EM GERAL;BRMORECTF000;2319115;N;N;Títulos e Valores Mobiliários;Títulos e Val. Mob.;Ativa;Indeterminado;;30/jun;S;N;N;S;N;BTG PACTUAL SERVICOS FINANCEIROS S/A DTVM;5,92813E+13;Praia de Botafogo;501;6º Andar;Botafogo;Rio de Janeiro;RJ;22250-040;(11)3383-3102;;;www.btgpactual.com;ri.fundoslistados@btgpactual.com
34.197.776/0001-65;01/06/2023;1;28/09/2023;FII - MOGNO HOTEIS;13/12/2019;INVESTIDORES EM GERAL;BRMGHTCTF005;1313784;N;N;Híbrido;Híbrido;Ativa;Indeterminado;;30/jun;S;N;N;S;N;BTG PACTUAL SERVICOS FINANCEIROS S/A DTVM;5,92813E+13;Praia de Botafogo;501;6º Andar;Botafogo;Rio de Janeiro;RJ;22250-040;(11)3383-3102;;;www.btgpactual.com;ri.fundoslistados@btgpactual.com
34.197.811/0001-46;01/06/2023;1;28/09/2023;VALORA CRI INDICE DE PRECO FII - FII;18/03/2020;INVESTIDORES EM GERAL;BRVGIPCTF002;11787247;N;N;Títulos e Valores Mobiliários;Títulos e Val. Mob.;Ativa;Indeterminado;;30/jun;S;N;N;S;N;BTG PACTUAL SERVICOS FINANCEIROS S/A DTVM;5,92813E+13;Praia de Botafogo;501;6º Andar;Botafogo;Rio de Janeiro;RJ;22250-040;(11)3383-3102;;;www.btgpactual.com;ri.fundoslistados@btgpactual.com
34.547.078/0001-42;01/06/2023;1;03/10/2023;ARC FUNDO DE INVESTIMENTO IMOBILIÁRIO III - FII;03/12/2020;INVESTIDOR QUALIFICADO;0;3.393.514.639.322;N;N;Híbrido;Outros;Ativa;Indeterminado;;30/jun;N;N;S;N;N;REAG DISTRIBUIDORA DE TITULOS E VALORES MOBILIARIOS S.A;3,483E+13;Av Faria Lima;2277;17º andar;Jardim Paulistano;São Paulo;SP;01452000;11 3504-1300;;;www.reag.com.br;dtvm@reag.com.br
34.691.520/0001-00;01/06/2023;1;28/09/2023;VBI CONSUMO ESSENCIAL FUNDO DE INVESTIMENTO IMOBILIÁRIO;25/03/2019;INVESTIDORES EM GERAL;BREVBICTF007;2153893;N;N;Renda;Híbrido;Ativa;Indeterminado;;30/jun;S;N;N;S;N;BRL TRUST DTVM S.A.;1,34868E+13;Rua Alves Guimarães;1216;;Pinheiros;São Paulo;SP;05410-002;(11) 3509-0600;;;www.brltrust.com.br;juridico.fii@apexgroup.com
34.736.474/0001-18;01/06/2023;1;28/09/2023;RBR DESENVOLVIMENTO COMERCIAL I - FII;23/08/2019;INVESTIDOR QUALIFICADO;;2.475.841.974;N;N;Híbrido;Híbrido;Ativa;Determinado;25/09/2025;30/jun;N;N;S;N;N;BRL TRUST DTVM S.A.;1,34868E+13;Rua Alves Guimarães;1216;;Pinheiros;São Paulo;SP;05410-002;(11) 3509-0600;;;www.brltrust.com.br;juridico.fii@apexgroup.com
34.835.191/0001-23;01/06/2023;1;26/09/2023;LUGGO FUNDO DE INVESTIMENTO IMOBILIA´RIO - FII;09/12/2019;INVESTIDORES EM GERAL;BRLUGGCTF007;1130706;N;N;Renda;Residencial;Ativa;Indeterminado;;30/jun;S;N;N;S;N;INTER DISTRIBUIDORA DE TÍTULOS E VALORES IMOBILIÁRIOS;1,89457E+13;Avenida Barbacena;1219;21 andar;Santo Agostinho;Belo Horizonte;MG;31190131;(31) 36145332;;;https://www.bancointer.com.br/interdtvm/;admfundos@interdtvm.com.br
34.895.752/0001-80;01/06/2023;2;04/10/2023;BRIO REAL ESTATE III FUNDO DE INVESTIMENTO IMOBILIÁRIO;23/10/2020;INVESTIDORES EM GERAL;BRBRIPCTF001;215475;N;N;Híbrido;Híbrido;Ativa;Determinado;16/10/2026;30/jun;S;N;N;S;N;BRL TRUST DTVM S.A.;1,34868E+13;Rua Alves Guimarães;1216;;Pinheiros;São Paulo;SP;05410-002;(11) 3509-062023;;;www.brltrust.com.br;juridico.fii@apexgroup.com
35.360.687/0001-50;01/06/2023;1;28/09/2023;HSI ATIVOS FINANCEIROS FUNDO DE INVESTIMENTO IMOBILIÁRIO;03/09/2020;INVESTIDORES EM GERAL;BRHSAFCTF004;2526360;N;N;Títulos e Valores Mobiliários;Títulos e Val. Mob.;Ativa;Indeterminado;;30/jun;S;N;N;S;N;BRL TRUST DTVM S.A.;1,34868E+13;Rua Alves Guimarães;1216;;Pinheiros;São Paulo;SP;05410-002;(11) 3509-0600;;;www.brltrust.com.br;juridico.fii@apexgroup.com
35.507.262/0001-21;01/06/2023;1;28/09/2023;HEDGE RECEBÍVEIS IMOBILIÁRIOS FUNDO DE INVESTIMENTO IMOB;14/10/2019;INVESTIDORES EM GERAL;BRHRECCTF005;5156765;N;N;Títulos e Valores Mobiliários;Títulos e Val. Mob.;Ativa;Indeterminado;;30/jun;S;N;N;S;N;HEDGE INVESTMENTS DTVM LTDA;07253654000176;AVENIDA BRIGADEIRO FARIA LIMA;3600;11º ANDAR CJ 112;ITAIM BIBI;SÃO PAULO;SP;04538-132;(11) 5412-5400;;;www.hedgeinvest.com.br;dtvm@hedgeinvest.com.br
35.507.457/0001-71;01/06/2023;1;28/09/2023;VBI REITS FOF - FUNDO DE INVESTIMENTO IMOBILIÁRIO;04/02/2020;INVESTIDORES EM GERAL;BRRVBICTF009;1440000;N;N;Renda;Títulos e Val. Mob.;Ativa;Indeterminado;;30/jun;S;N;N;S;N;BRL TRUST DTVM S.A.;1,34868E+13;Rua Alves Guimarães;1216;;Pinheiros;São Paulo;SP;05410-002;(11) 3509-0600;;;www.brltrust.com.br;juridico.fii@apexgroup.com
35.586.415/0001-73;01/06/2023;1;28/09/2023;HEDGE SHOPPING PARQUE DOM PEDRO FUNDO DE INVESTIMENTO IMOB;17/12/2019;INVESTIDORES EM GERAL;BRHPDPCTF003;2908813;N;N;Renda;Shoppings;Passiva;Indeterminado;;30/jun;S;N;N;S;N;HEDGE INVESTMENTS DTVM LTDA;07253654000176;AVENIDA BRIGADEIRO FARIA LIMA;3600;11º ANDAR CJ 112;ITAIM BIBI;SÃO PAULO;SP;04538-080;(11) 5412-5400;;;www.hedgeinvest.com.br;dtvm@hedgeinvest.com.br
35.652.081/0001-99;01/06/2023;1;27/09/2023;FII - FII GOLDEN LOGISTICA;05/02/2020;INVESTIDOR QUALIFICADO;BR03SPCTF004;0;N;N;Renda;Híbrido;Ativa;Indeterminado;;30/jun;N;N;S;N;N;BTG PACTUAL SERVICOS FINANCEIROS S/A DTVM;5,92813E+13;Praia de Botafogo;501;6º Andar;Botafogo;Rio de Janeiro;RJ;22250-040;(11)3383-3102;;;www.btgpactual.com;ri.fundoslistados@btgpactual.com
35.652.102/0001-76;01/06/2023;1;28/09/2023;FII - VBI PRIME PROPERTIES;22/07/2020;INVESTIDORES EM GERAL;BRPVBICTF003;12142208;N;N;Renda;Lajes Corporativas;Ativa;Indeterminado;;30/jun;S;N;N;S;N;BTG PACTUAL SERVICOS FINANCEIROS S/A DTVM;5,92813E+13;Praia de Botafogo;501;6º Andar;Botafogo;Rio de Janeiro;RJ;22250-040;(11)3383-3102;;;www.btgpactual.com;ri.fundoslistados@btgpactual.com
35.652.174/0001-13;01/06/2023;1;28/09/2023;FII RBR CREDITO IMOBILIARIO SPECIAL OPPORTUNITIES;12/08/2020;INVESTIDOR QUALIFICADO;BR04T0CTF001;461030;N;N;Híbrido;Híbrido;Ativa;Indeterminado;;30/jun;N;N;S;N;N;BTG PACTUAL SERVICOS FINANCEIROS S/A DTVM;5,92813E+13;Praia de Botafogo;501;6º Andar;Botafogo;Rio de Janeiro;RJ;22250-040;(11)3383-3102;;;www.btgpactual.com;ri.fundoslistados@btgpactual.com
35.652.204/0001-91;01/06/2023;2;29/09/2023;FII MOGNO CRI MULTIESTRATEGIA;06/10/2020;INVESTIDORES EM GERAL;BRMGCRCTF000;1422304;N;N;Títulos e Valores Mobiliários;Títulos e Val. Mob.;Ativa;Indeterminado;;30/jun;S;N;N;S;N;BTG PACTUAL SERVICOS FINANCEIROS S/A DTVM;5,92813E+13;Praia de Botafogo;501;6º Andar;Botafogo;Rio de Janeiro;RJ;22250-040;(11)3383-3102;;;www.btgpactual.com;ri.fundoslistados@btgpactual.com
35.652.227/0001-04;01/06/2023;1;28/09/2023;RB CAPITAL LOGISTICO FII - FII;10/07/2020;INVESTIDOR PROFISSIONAL;BR04U5CTF007;640199;N;N;Renda;Logística;Ativa;Indeterminado;;30/jun;S;N;N;S;N;BTG PACTUAL SERVICOS FINANCEIROS S/A DTVM;5,92813E+13;Praia de Botafogo;501;6º Andar;Botafogo;Rio de Janeiro;RJ;22250-040;(11)3383-3102;;;www.btgpactual.com;ri.fundoslistados@btgpactual.com
35.652.252/0001-80;01/06/2023;2;02/10/2023;NAVI IMOBILIARIO FUNDO DE FUNDOS DE INVESTIMENTO IMOBILIARIO;31/07/2020;INVESTIDORES EM GERAL;BRNAVFCTF006;1054507;N;N;Títulos e Valores Mobiliários;Títulos e Val. Mob.;Ativa;Indeterminado;;30/jun;N;N;S;N;N;BTG PACTUAL SERVICOS FINANCEIROS S/A DTVM;5,92813E+13;Praia de Botafogo;501;6º Andar;Botafogo;Rio de Janeiro;RJ;22250-040;(11)3383-3102;;;www.btgpactual.com;ri.fundoslistados@btgpactual.com
35.652.278/0001-28;01/06/2023;1;28/09/2023;FII BRL PROP II;09/09/2020;INVESTIDOR QUALIFICADO;BRBRLACTF007;0;N;N;Renda;Outros;Passiva;Indeterminado;;30/jun;S;N;N;S;N;BTG PACTUAL SERVICOS FINANCEIROS S/A DTVM;5,92813E+13;Praia de Botafogo;501;6º Andar;Botafogo;Rio de Janeiro;RJ;22250-040;(11)3383-3102;;;www.btgpactual.com;ri.fundoslistados@btgpactual.com
35.688.460/0001-39;01/06/2023;1;28/09/2023;HEDGE PALADIN DESIGN OFFICES FUNDO DE NVESTIMENTO IMOB;14/06/2021;INVESTIDOR QUALIFICADO;BRHDOFCTF007;2055675;N;N;Desenvolvimento para Venda;Lajes Corporativas;Ativa;Determinado;28/10/2028;30/jun;S;N;N;S;N;HEDGE INVESTMENTS DTVM LTDA;07253654000176;AVENIDA BRIGADEIRO FARIA LIMA;3600;11º ANDAR CJ 112;ITAIM BIBI;SÃO PAULO;SP;04538-132;(11) 5412-5400;;;www.hedgeinvest.com.br;dtvm@hedgeinvest.com.br
35.689.497/0001-81;01/06/2023;1;28/09/2023;HEDGE SEED FUNDO DE INVESTIMENTO IMOBILIÁRIO;27/07/2021;INVESTIDOR PROFISSIONAL;BRSEEDCTF008;1640000;N;N;Híbrido;Híbrido;Ativa;Determinado;12/12/2026;30/jun;S;N;N;S;N;HEDGE INVESTMENTS DTVM LTDA;07253654000176;AVENIDA BRIGADEIRO FARIA LIMA;3600;11º ANDAR CJ 112;ITAIM BIBI;SÃO PAULO;SP;04538-132;(11) 5412-5400;;;www.hedgeinvest.com.br;dtvm@hedgeinvest.com.br
35.864.448/0001-38;01/06/2023;1;27/09/2023;KINEA SECURITIES FUNDO DE INVESTIMENTO IMOBILIÁRIO - FII;28/10/2020;INVESTIDORES EM GERAL;BRKNSCCTF008;13275794;N;N;Títulos e Valores Mobiliários;Títulos e Val. Mob.;Ativa;Indeterminado;;30/jun;S;N;N;S;N;INTRAG DISTRIBUIDORA DE TÍTULOS E VALORES MOBILIÁRIOS LTDA;6,24181E+13;AV BRIGADEIRO FARIA LIMA;3400;10º Andar;ITAIM BIBI;SÃO PAULO;SP;04538132;55 (11) 30726012;;;www.intrag.com.br;produtosestruturados@itau-unibanco.com.br
36.244.015/0001-42;01/06/2023;1;28/08/2023;VERSALHES RECEBÍVEIS IMOBILIÁRIOS FII;10/12/2020;INVESTIDORES EM GERAL;BRVSLHCTF008;29864091;N;N;Híbrido;Outros;Ativa;Indeterminado;;30/jun;N;N;S;N;N;VORTX DISTRIBUIDORA DE TITULOS E VALORES MOBILIARIOS LTDA.;3,6244E+13;Rua Gilberto Sabino;215;4º Andar;Pinheiros;São Paulo;SP;5425020;11 3030-7177;;;www.vortx.com.br;fundos@vortx.com.br
36.293.425/0001-83;01/06/2023;1;26/09/2023;INTER TEVA INDICE DE TIJOLO - FII;31/08/2020;INVESTIDORES EM GERAL;BRITITCTF004;900494;N;N;Renda;Títulos e Val. Mob.;Passiva;Indeterminado;;30/dez;S;N;N;S;N;INTER DISTRIBUIDORA DE TÍTULOS E VALORES MOBILIÁRIOS;1,89457E+13;Avenida Barbacena;1219;21 andar;Santo Agostinho;Belo Horizonte;MG;30190131;(31) 3614-5332;;;https://www.bancointer.com.br/inter-dtvm/;admfundos@interdtvm.com.br
36.312.772/0001-06;01/06/2023;1;26/09/2023;INTER TEVA ÍNDICE DE PAPEL - FII;23/02/2021;INVESTIDORES EM GERAL;BRITIPCTF002;748151;N;N;Títulos e Valores Mobiliários;Títulos e Val. Mob.;Passiva;Indeterminado;;30/jun;S;N;N;S;N;INTER DISTRIBUIDORA DE TÍTULOS E VALORES MOBILIÁRIOS;1,89457E+13;Avenida Barbacena;1219;21 andar;Santo Agostinho;Belo Horizonte;MG;30190131;(31) 3614-5332;;;https://www.bancointer.com.br/inter-dtvm/;admfundos@interdtvm.com.br
36.501.128/0001-86;01/06/2023;1;28/09/2023;FUNDO DE INVESTIMENTO IMOBILIARIO RIZA TERRAX;02/10/2020;INVESTIDORES EM GERAL;BRRZTRCTF003;11048018;N;N;Híbrido;Híbrido;Ativa;Indeterminado;;30/jun;S;N;N;S;N;BANCO GENIAL S.A;4,52464E+13;PRAIA DE BOTAFOGO;227;SALA 907;BOTAFOGO;RIO DE JANEIRO;RJ;22.250-040;11 3206-8000;21 3293-3000;;WWW.BANCOGENIAL.COM;MIDDLEADM@GENIAL.COM.VC
36.501.159/0001-37;01/06/2023;1;28/09/2023;FUNDO DE INVESTIMENTO IMOBILIÁRIO HBC RENDA URBANA;30/12/2020;INVESTIDORES EM GERAL;BRHBCRCTF001;1119161;N;N;Renda;Outros;Ativa;Indeterminado;;30/jun;S;N;N;S;N;BANCO GENIAL S.A;4,52464E+13;PR DE BOTAFOGO;228;SALA 907;BOTAFOGO;RIO DE JANEIRO;RJ;22.250-040;113206-8000;213923-3000;;WWW.BANCOGENIAL.COM;MIDDLEADM@GENIAL.COM.VC
36.501.210/0001-00;01/06/2023;1;28/09/2023;GENIAL RENDA URBANA FUNDO DE INVESTIMENTO IMOBILIARIO;20/08/2021;INVESTIDORES EM GERAL;BRGURBCTF005;1135160;N;N;Renda;Híbrido;Ativa;Indeterminado;;30/jun;S;N;N;S;N;BANCO GENIAL S.A;4,52464E+13;PR DE BOTAFOGO;228;SALA 907;BOTAFOGO;RIO DE JANEIRO;RJ;22.250-040;113206-8000;213293-3000;;WWW.BANCOGENIAL.COM;MIDDLEADM@GENIAL.COM.VC
36.501.233/0001-15;01/06/2023;1;27/09/2023;CYRELA CRÉDITO - FUNDO DE INVESTIMENTO IMOBILIÁRIO;21/06/2021;INVESTIDORES EM GERAL;BRCYCRCTF004;16315840;N;N;Títulos e Valores Mobiliários;Títulos e Val. Mob.;Ativa;Indeterminado;;30/jun;S;N;N;S;N;BANCO GENIAL S.A.;4,52464E+13;PRAIA DE BOTAFOGO;228;SALA 907;BATAFOGO;RIO DE JANEIRO;RJ;22.250.040;113206-8000;213923-3000;;WWW.BANCOGENIAL.COM;MIDDLEADM@GENIAL.COM.VC
36.642.139/0001-86;01/06/2023;1;28/09/2023;MAUA CAPITAL HEDGE FUND FII;01/07/2021;INVESTIDORES EM GERAL;BRMCFFCTF007;32354247;N;N;Títulos e Valores Mobiliários;Títulos e Val. Mob.;Ativa;Indeterminado;;30/jun;S;N;N;S;N;BTG PACTUAL SERVICOS FINANCEIROS S/A DTVM;5,92813E+13;Praia de Botafogo;501;6º Andar;Botafogo;Rio de Janeiro;RJ;22250-040;(11)3383-3102;;;www.btgpactual.com;ri.fundoslistados@btgpactual.com
36.642.219/0001-31;01/06/2023;1;28/09/2023;RIZA AKIN FII - FII;21/12/2020;INVESTIDORES EM GERAL;BRRZAKCTF008;8807885;N;N;Títulos e Valores Mobiliários;Títulos e Val. Mob.;Ativa;Indeterminado;;30/jun;S;N;N;S;N;BTG PACTUAL SERVICOS FINANCEIROS S/A DTVM;5,92813E+13;Praia de Botafogo;501;6º Andar;Botafogo;Rio de Janeiro;RJ;22250-040;(11)3383-3102;;;www.btgpactual.com;ri.fundoslistados@btgpactual.com
36.642.244/0001-15;01/06/2023;1;28/09/2023;FII BTG PACTUAL AGRO LOGISTICA;28/01/2021;INVESTIDORES EM GERAL;BRBTALCTF003;5982736;N;N;Renda;Outros;Ativa;Indeterminado;;30/jun;S;N;N;S;N;BTG PACTUAL SERVICOS FINANCEIROS S/A DTVM;5,92813E+13;Praia de Botafogo;501;6º Andar;Botafogo;Rio de Janeiro;RJ;22250-040;(11)3383-3102;;;www.btgpactual.com;ri.fundoslistados@btgpactual.com
36.642.275/0001-76;01/06/2023;1;28/09/2023;FII FII RBR DESENVOLVIMENTO IV;19/11/2020;INVESTIDOR QUALIFICADO;;1612694;N;N;Desenvolvimento para Venda;Híbrido;Ativa;Indeterminado;;30/jun;N;N;S;N;N;BTG PACTUAL SERVICOS FINANCEIROS S/A DTVM;5,92813E+13;Praia de Botafogo;501;6º Andar;Botafogo;Rio de Janeiro;RJ;22250-040;(11)3383-3102;;;www.btgpactual.com;ri.fundoslistados@btgpactual.com
36.642.293/0001-58;01/06/2023;1;28/09/2023;AF INVEST CRI FII - RECEBIVEIS IMOBILIARIOS;03/03/2021;INVESTIDORES EM GERAL;BRAFHICTF005;3019453;N;N;Títulos e Valores Mobiliários;Títulos e Val. Mob.;Ativa;Indeterminado;;30/jun;S;N;N;S;N;BTG PACTUAL SERVICOS FINANCEIROS S/A DTVM;5,92813E+13;Praia de Botafogo;501;6º Andar;Botafogo;Rio de Janeiro;RJ;22250-040;(11)3383-3102;;;www.btgpactual.com;ri.fundoslistados@btgpactual.com
36.642.356/0001-76;01/06/2023;2;04/10/2023;FII - REC FUNDO DE FUNDOS;18/02/2021;INVESTIDORES EM GERAL;BRRECXCTF002;218313;N;N;Títulos e Valores Mobiliários;Títulos e Val. Mob.;Ativa;Indeterminado;;30/jun;S;N;N;S;N;BTG PACTUAL SERVICOS FINANCEIROS S/A DTVM;5,92813E+13;Praia de Botafogo;501;6º Andar;Botafogo;Rio de Janeiro;RJ;22250-040;(11)3383-3102;;;www.btgpactual.com;ri.fundoslistados@btgpactual.com
36.669.535/0001-05;01/06/2023;1;28/08/2023;VÊNUS - FUNDO DE INVESTIMENTO IMOBILIÁRIO;20/11/2020;INVESTIDORES EM GERAL;BRSALICTF000;79565;N;N;Renda;Outros;Passiva;Indeterminado;;30/jun;S;N;N;S;N;VORTX DISTRIBUIDORA DE TITULOS E VALORES MOBILIARIOS LTDA.;3,66695E+13;Rua Gilberto Sabino;215;4º Andar;Pinheiros;São Paulo;SP;5425020;11 3030-7177;;;www.vortx.com.br;fundos@vortx.com.br
36.771.692/0001-19;01/06/2023;1;27/09/2023;VALORA HEDGE FUND FUNDO DE INVESTIMENTO IMOBILIÁRIO - FII;26/02/2021;INVESTIDORES EM GERAL;BRVGFCTF003;72889247;N;N;Híbrido;Híbrido;Ativa;Indeterminado;;30/jun;S;N;N;S;N;BANCO DAYCOVAL S/A;6,22329E+13;AV. PAULISTA;1793;2° andar;Bela Vista;São Paulo;SP;01311200;(11) 3138-0921;(11) 3138-1678;(11) 3138-1678;www.daycoval.com.br;middlesmc@bancodaycoval.com.br
36.814.809/0001-02;01/06/2023;1;02/10/2023;R CAP 1810 FUNDO DE INVESTIMENTO IMOBILIÁRIO;30/06/2021;INVESTIDORES EM GERAL;BRXBXOCTF001;3042600;S;N;Renda;Híbrido;Passiva;Indeterminado;;30/jun;N;N;S;N;N;MONETAR DISTRIBUIDORA DE TITULOS E VALORES MOBILIARIOS LTDA;3,68148E+13;Rua Joaquim Floriano;100;5º andar;Itaim;São Paulo;SP;04534000;11 3165.6046;11 3165.6004;11 3165.6000;www.terrainvestimentos.com.br;compliance@terrainvestimentos.com.br
37.037.297/0001-70;01/06/2023;1;21/09/2023;GALÁPAGOS RECEBÍVEIS DO AGRONEGÓCIO - FIAGRO-IMOBILIÁRIO;20/08/2021;INVESTIDORES EM GERAL;BRGCRACTF005;1750865;N;N;Títulos e Valores Mobiliários;Títulos e Val. Mob.;Ativa;Indeterminado;;30/jun;S;N;N;S;N;SINGULARE CORRETORA DE TITULOS E VALORES MOBILIARIOS S.A;3,70373E+13;Avenida Brigadeiro Faria Lima;1355;15° andar;Jardim Paulistano;São Paulo;SP;01452-002;(11) 2827-3500;;;www.singulare.com.br;fii.adm@singulare.com.br
37.950.819/0001-20;01/06/2023;1;05/10/2023;CONTE BIANCAMO FUNDO DE INVESTIMENTO IMOBILIÁRIO;07/05/2021;INVESTIDOR QUALIFICADO;;477007500;N;N;Títulos e Valores Mobiliários;Títulos e Val. Mob.;Ativa;Indeterminado;;30/jun;N;N;S;N;N;BRL TRUST DTVM S.A.;1,34868E+13;Rua Alves Guimarães;1216;;Pinheiros;São Paulo;SP;05410-002;(11) 3509-0600;;;www.brltrust.com.br;juridico.fii@apexgroup.com
38.051.307/0001-94;01/06/2023;1;28/09/2023;FII - BLUE RECEBÍVEIS IMOBILIÁRIOS;23/12/2021;INVESTIDORES EM GERAL;BRBLURCTF005;90000;N;N;Híbrido;Títulos e Val. Mob.;Ativa;Indeterminado;;30/jun;S;N;N;S;N;BANCO DAYCOVAL S/A;6,22329E+13;AV. PAULISTA;1793;2° andar;Bela Vista;São Paulo;SP;01311200;(11) 3138-0921;(11) 3138-1678;(11) 3138-1678;www.daycoval.com.br;middlesmc@bancodaycoval.com.br
38.293.862/0001-22;01/06/2023;1;28/09/2023;ALIANZA DIGITAL REALTY FII;23/03/2021;INVESTIDOR QUALIFICADO;-;520000;N;N;Renda;Outros;Ativa;Indeterminado;;30/jun;N;N;S;N;N;BTG PACTUAL SERVICOS FINANCEIROS S/A DTVM;5,92813E+13;Praia de Botafogo;501;6º Andar;Botafogo;Rio de Janeiro;RJ;22250-040;(11)3383-3102;;;www.btgpactual.com;ri.fundoslistados@btgpactual.com
38.293.897/0001-61;01/06/2023;1;28/09/2023;GALAPAGOS RECEBIVEIS IMOBILIARIOS FII;15/12/2020;INVESTIDORES EM GERAL;BRGCRICTF008;1453859;N;N;Títulos e Valores Mobiliários;Títulos e Val. Mob.;Ativa;Indeterminado;;30/jun;S;N;N;S;N;BTG PACTUAL SERVICOS FINANCEIROS S/A DTVM;5,92813E+13;Praia de Botafogo;501;6º Andar;Botafogo;Rio de Janeiro;RJ;22250-040;(11)3383-3102;;;www.btgpactual.com;ri.fundoslistados@btgpactual.com
38.456.508/0001-71;01/06/2023;1;28/09/2023;HGI CRÉDITOS IMOBILIÁRIOS FUNDO DE INVESTIMENTO IMOBILIÁRIO;18/12/2020;INVESTIDORES EM GERAL;BRHGICCTF009;462.706.962.176.447;N;N;Títulos e Valores Mobiliários;Títulos e Val. Mob.;Ativa;Indeterminado;;30/jun;S;N;N;S;N;BTG PACTUAL SERVIÇOS FINANCEIROS S/A DTVM;5,92813E+13;Praia de Botafogo;501;5º andar - parte;Botafogo;Rio de Janeiro;RJ;22250040;(21) 3262-9600;;;https://www.btgpactual.com/;ol-reguladores@btgpactual.com
39.332.032/0001-20;01/06/2023;2;04/10/2023;BRIO CRÉDITO ESTRUTURADO - FUNDO DE INVESTIMENTO IMOBILIÁRIO;22/02/2021;INVESTIDOR PROFISSIONAL;BRBICECTF007;78299;N;N;Títulos e Valores Mobiliários;Títulos e Val. Mob.;Ativa;Determinado;22/02/2028;30/jun;S;N;N;S;N;BRL TRUST DTVM S.A.;1,34868E+13;Rua Alves Guimarães;1216;;Pinheiros;São Paulo;SP;05410-002;(11) 3509-0600;;;www.brltrust.com.br;juridico.fii@apexgroup.com
39.591.218/0001-01;01/06/2023;1;26/09/2023;BASÍLICA PARTNERS CONSULTÓRIOS MÉDICOS MEDWELL FII;21/06/2022;INVESTIDOR QUALIFICADO;0;15699.48;N;N;Desenvolvimento para Renda;Híbrido;Ativa;Indeterminado;;30/jun;N;S;N;S;N;BANCO DAYCOVAL S/A;6,22329E+13;AV. PAULISTA;1793;2° andar;Bela Vista;São Paulo;SP;01311200;(11) 3138-0921;;;www.daycoval.com.br;middlesmc@bancodaycoval.com.br
40.011.225/0001-68;01/06/2023;1;28/09/2023;SUNO FUNDO DE FUNDOS DE INVESTIMENTO IMOBILIARIO;03/05/2021;INVESTIDORES EM GERAL;BRSNFFCTF001;2830000;N;N;Títulos e Valores Mobiliários;Títulos e Val. Mob.;Ativa;Indeterminado;;30/jun;S;N;N;S;N;BTG PACTUAL SERVICOS FINANCEIROS S/A DTVM;5,92813E+13;Praia de Botafogo;501;6º Andar;Botafogo;Rio de Janeiro;RJ;22250-040;(11)3383-3102;;;www.btgpactual.com;ri.fundoslistados@btgpactual.com
40.011.234/0001-59;01/06/2023;1;28/09/2023;FII  MAUA CAPITAL DESENVOLVIMENTO URBANO;24/03/2021;INVESTIDORES EM GERAL;;0;N;N;Desenvolvimento para Renda;Híbrido;Ativa;Indeterminado;;30/jun;N;N;S;N;N;BTG PACTUAL SERVICOS FINANCEIROS S/A DTVM;5,92813E+13;Praia de Botafogo;501;6º Andar;Botafogo;Rio de Janeiro;RJ;22250-040;(11)3383-3102;;;www.btgpactual.com;ri.fundoslistados@btgpactual.com
40.011.251/0001-96;01/06/2023;1;28/09/2023;FII DE CRI INTEGRAL BREI;30/04/2021;INVESTIDORES EM GERAL;BRIBCRCTF009;958423;N;N;Títulos e Valores Mobiliários;Títulos e Val. Mob.;Ativa;Indeterminado;;30/jun;S;N;N;S;N;BTG PACTUAL SERVICOS FINANCEIROS S/A DTVM;5,92813E+13;Praia de Botafogo;501;6º Andar;Botafogo;Rio de Janeiro;RJ;22250-040;(11)3383-3102;;;www.btgpactual.com;ri.fundoslistados@btgpactual.com
40.011.268/0001-43;01/06/2023;1;28/09/2023;RBR CRI  FII;12/04/2021;INVESTIDORES EM GERAL;BRCCRFCTF003;1571900;N;N;Títulos e Valores Mobiliários;Títulos e Val. Mob.;Ativa;Indeterminado;;30/jun;S;N;N;S;N;BTG PACTUAL SERVICOS FINANCEIROS S/A DTVM;5,92813E+13;Praia de Botafogo;501;6º Andar;Botafogo;Rio de Janeiro;RJ;22250-040;(11)3383-3102;;;www.btgpactual.com;ri.fundoslistados@btgpactual.com
40.011.279/0001-23;01/06/2023;1;28/09/2023;ALIANZA ITACA DESENVOLVIMENTO FII;14/04/2021;INVESTIDOR QUALIFICADO;BR09T5CTF005;22980;N;N;Desenvolvimento para Venda;Residencial;Ativa;Determinado;14/04/2026;30/jun;N;N;S;N;N;BTG PACTUAL SERVICOS FINANCEIROS S/A DTVM;5,92813E+13;Praia de Botafogo;501;6º Andar;Botafogo;Rio de Janeiro;RJ;22250-040;(11)3383-3102;;;www.btgpactual.com;ri.fundoslistados@btgpactual.com
40.011.324/0001-40;01/06/2023;1;28/09/2023;SIG CAPITAL RECEBIVEIS PULVERIZADOS FII;30/07/2021;INVESTIDOR PROFISSIONAL;BRSIGRCTF004;389395;N;N;Títulos e Valores Mobiliários;Títulos e Val. Mob.;Ativa;Indeterminado;;30/jun;S;N;N;S;N;BTG PACTUAL SERVICOS FINANCEIROS S/A DTVM;5,92813E+13;Praia de Botafogo;501;6º Andar;Botafogo;Rio de Janeiro;RJ;22250-040;(11)3383-3102;;;www.btgpactual.com;ri.fundoslistados@btgpactual.com
40.041.603/0001-56;01/06/2023;1;28/09/2023;NAVI CREDITO IMOBILIARIO - FII;04/02/2020;INVESTIDORES EM GERAL;BRNCRICTF004;3949999;N;N;Títulos e Valores Mobiliários;Títulos e Val. Mob.;Ativa;Indeterminado;;30/jun;N;N;S;N;N;BRL TRUST DTVM S.A.;4,00416E+13;Rua Alves Guimarães;1216;;Pinheiros;São Paulo;SP;05410-002;(11) 3509-0600;;;www.brltrust.com.br;juridico.fii@apexgroup.com
40.067.483/0001-66;01/06/2023;1;03/10/2023;JAFFA FUNDO DE INVESTIMENTO IMOBILIÁRIO;11/06/2021;INVESTIDOR QUALIFICADO;0;526.572.944.939;N;N;Renda;Outros;Ativa;Indeterminado;;30/jun;N;N;S;N;N;REAG DISTRIBUIDORA DE TITULOS E VALORES MOBILIARIOS S.A;3,483E+13;Av Faria Lima;2277;17º andar;Jardim Paulistano;São Paulo;SP;01452000;11 3504-1300;;;www.reag.com.br;dtvm@reag.com.br
40.189.596/0001-34;01/06/2023;1;20/09/2023;FUNDO DE INVESTIMENTO IMOBILIÁRIO CAIXA AGENCIAS;08/10/2021;INVESTIDORES EM GERAL;BRCXAGCTF003;2090621;N;N;Renda;Outros;Passiva;Indeterminado;;30/jun;S;N;N;S;N;OLIVEIRA TRUST DTVM S.A.;4,01896E+13;Avenida das Américas;3.434;Bloco 07, sala 201;Barra da Tijuca;Rio de Janeiro;RJ;22640-102;(21) 3514-0000;;;www.oliveiratrust.com.br;ger2.fundos@oliveiratrust.com.br
40.343.867/0001-64;01/06/2023;1;28/08/2023;HIGH FUNDO DE INVESTIMENTO AGRO - FIAGRO - IMOBILIÁRIO;03/05/2022;INVESTIDOR PROFISSIONAL;BRHGAGCTF007;248252;N;N;Títulos e Valores Mobiliários;Outros;Ativa;Indeterminado;;30/jun;N;N;S;N;N;VORTX DISTRIBUIDORA DE TITULOS E VALORES MOBILIARIOS LTDA.;4,03439E+13;Rua Gilberto Sabino;215;4º Andar;Pinheiros;São Paulo;SP;5425020;11 3030-7177;;;www.vortx.com.br;fundos@vortx.com.br
40.413.979/0001-44;01/06/2023;1;28/09/2023;FI NAS CADEIAS PROD. AGROINDUST. RIZA AGRO - FIAGRO FII;05/10/2021;INVESTIDORES EM GERAL;BRRZAGCTF006;68040425;N;N;Híbrido;Híbrido;Ativa;Indeterminado;;30/jun;S;N;N;S;N;BANCO GENIAL S.A;4,52464E+13;PRAIA DE BOTAFOGO;228;SALA 907;BOTAFOGO;RIO DE JANEIRO;RJ;22.250.040;113206-8000;213923-3000;;WWW.BANCOGENIAL.COM;MIDDLEADM@GENIAL.COM.VC
40.575.940/0001-23;01/06/2023;2;19/09/2023;ZAVIT REAL ESTATE FUND - FUNDO DE INVESTIMENTO IMOBILIÁRIO;05/07/2021;INVESTIDORES EM GERAL;BRZAVICTF004;926.518.000.008;N;N;Renda;Híbrido;Ativa;Indeterminado;;30/jun;S;N;N;S;N;VORTX DISTRIBUIDORA DE TITULOS E VALORES MOBILIARIOS LTDA.;4,05759E+13;Rua Gilberto Sabino;215;4º Andar;Pinheiros;São Paulo;SP;5425020;11 3030-7177;;;www.vortx.com.br;fundos@vortx.com.br
41.076.380/0001-25;01/06/2023;1;28/09/2023;EQI RECEBIVEIS IMOBILIARIOS FUNDO DE INVESTIMENTO FII;24/08/2021;INVESTIDORES EM GERAL;BREQIRCTF003;5025000;N;N;Títulos e Valores Mobiliários;Títulos e Val. Mob.;Ativa;Indeterminado;;30/jun;S;N;N;S;N;BTG PACTUAL SERVICOS FINANCEIROS S/A DTVM;5,92813E+13;Praia de Botafogo;501;6º Andar;Botafogo;Rio de Janeiro;RJ;22250-040;(11)3383-3102;;;www.btgpactual.com;ri.fundoslistados@btgpactual.com
41.076.564/0001-95;01/06/2023;1;28/09/2023;IRIDIUM FII;24/05/2021;INVESTIDORES EM GERAL;BRIRIMCTF003;1920000;N;N;Híbrido;Híbrido;Ativa;Indeterminado;;30/jun;S;N;N;S;N;BTG PACTUAL SERVICOS FINANCEIROS S/A DTVM;5,92813E+13;Praia de Botafogo;501;6º Andar;Botafogo;Rio de Janeiro;RJ;22250-040;(11)3383-3102;;;www.btgpactual.com;ri.fundoslistados@btgpactual.com
41.076.823/0001-88;01/06/2023;1;28/09/2023;ALIANZA URBAN HUB RENDA FII;23/12/2021;INVESTIDOR QUALIFICADO;BRAURBCTF008;880560;N;N;Renda;Logística;Ativa;Indeterminado;;30/jun;S;N;N;S;N;BTG PACTUAL SERVICOS FINANCEIROS S/A DTVM;5,92813E+13;Praia de Botafogo;501;6º Andar;Botafogo;Rio de Janeiro;RJ;22250-040;(11)3383-3102;;;www.btgpactual.com;ri.fundoslistados@btgpactual.com
41.076.851/0001-03;01/06/2023;1;28/09/2023;EXES FII;02/09/2021;INVESTIDOR QUALIFICADO;BREXESCTF006;412496;N;N;Títulos e Valores Mobiliários;Títulos e Val. Mob.;Ativa;Indeterminado;;30/jun;S;N;N;S;N;BTG PACTUAL SERVICOS FINANCEIROS S/A DTVM;5,92813E+13;Praia de Botafogo;501;6º Andar;Botafogo;Rio de Janeiro;RJ;22250-040;(11)3383-3102;;;www.btgpactual.com;ri.fundoslistados@btgpactual.com
41.080.968/0001-52;01/06/2023;1;28/09/2023;FII MAUA CAPITAL MPD DESENVOLVIMENTO RESIDENCIAL;17/09/2021;INVESTIDOR PROFISSIONAL;BRMMPDCTF000;530000;N;N;Desenvolvimento para Venda;Outros;Ativa;Determinado;26/07/2029;30/jun;S;N;N;S;N;BTG PACTUAL SERVICOS FINANCEIROS S/A DTVM;5,92813E+13;Praia de Botafogo;501;6º Andar;Botafogo;Rio de Janeiro;RJ;22250-040;(11)3383-3102;;;www.btgpactual.com;ri.fundoslistados@btgpactual.com
41.081.088/0001-09;01/06/2023;1;27/09/2023;VALORA CRA FUNDO DE INVESTIMENTO NAS CADEIAS PRODUTIVAS AGRO;24/11/2021;INVESTIDORES EM GERAL;BRVGIACTF004;0;N;N;Títulos e Valores Mobiliários;Títulos e Val. Mob.;Ativa;Indeterminado;;30/jun;S;N;N;S;N;BTG PACTUAL SERVICOS FINANCEIROS S/A DTVM;5,92813E+13;Praia de Botafogo;501;6º Andar;Botafogo;Rio de Janeiro;RJ;22250-040;(11)3383-3102;;;www.btgpactual.com;ri.fundoslistados@btgpactual.com
41.081.356/0001-84;01/06/2023;2;04/10/2023;BRIO MULTIESTRATEGIA FUNDO DE INVESTIMENTO IMOBILIARIO;29/10/2021;INVESTIDOR QUALIFICADO;BRBIMECTF006;5845602;N;N;Renda;Híbrido;Ativa;Indeterminado;;30/jun;N;S;N;S;N;BRL TRUST DTVM S.A;4,10814E+13;Rua Alves Guimarães;1216;;Pinheiros;São Paulo;SP;05410-002;(11) 3509-0600;;;www.brltrust.com.br;juridico.fii@apexgroup.com
41.114.606/0001-35;01/12/2023;1;17/01/2024;FUNDO DE INVEST. IMOB. HOSPITAL UNIMED INVESTCOOP NACIONAL;20/04/2021;INVESTIDOR PROFISSIONAL;;1110000;N;N;Híbrido;Outros;Ativa;Indeterminado;;31/dez;N;S;N;N;S;COINVALORES CCVM LTDA;00336036000140;Avenida Brigadeiro Faria Lima;1800;2º andar;Jardim Paulistano;São Paulo;SP;01451-001;(11)3035-4143;(11)3035-4141;;www.coinvalores.com.br;admfundoimobiliario@coinvalores.com.br
41.219.454/0001-35;01/06/2023;1;03/10/2023;COXIM FUNDO DE INVESTIMENTO IMOBILIÁRIO;08/06/2021;INVESTIDOR QUALIFICADO;0;133.404.342.918.928;N;N;Renda;Outros;Ativa;Indeterminado;;30/jun;N;N;S;N;N;REAG DISTRIBUIDORA DE TITULOS E VALORES MOBILIARIOS S.A;3,483E+13;Av Faria Lima;2277;17º andar;Jardim Paulistano;São Paulo;SP;01452000;11 3504-1300;;;www.reag.com.br;dtvm@reag.com.br
41.224.330/0001-48;01/06/2023;1;15/09/2023;ECOAGRO I FII CADEIAS PRODUTIVAS AGROINDUSTRIAIS - FIAGRO;22/12/2021;INVESTIDORES EM GERAL;BREGAFCTF006;1888921;N;N;Títulos e Valores Mobiliários;Outros;Ativa;Indeterminado;;30/jun;S;N;N;S;N;VORTX DISTRIBUIDORA DE TITULOS E VALORES MOBILIARIOS LTDA.;4,12243E+13;Rua Gilberto Sabino;215;4º Andar;Pinheiros;São Paulo;SP;5425020;11 3030-7177;;;www.vortx.com.br;fundos@vortx.com.br
41.251.077/0001-11;01/06/2023;1;26/09/2023;FRONTEIRA MULTI FUNDO DE INVESTIMENTO IMOBILIÁRIO;28/07/2021;INVESTIDORES EM GERAL;BR09XWCTF007;130500;N;N;Híbrido;Títulos e Val. Mob.;Ativa;Indeterminado;;30/jun;S;N;N;S;N;BANCO DAYCOVAL S/A;6,22329E+13;AV. PAULISTA;1793;2° andar;Bela Vista;São Paulo;SP;01311200;(11) 3138-0921;(11) 3138-1678;(11) 3138-1678;www.daycoval.com.br;middlesmc@bancodaycoval.com.br
41.256.643/0001-88;01/06/2023;1;28/09/2023;WHG REAL ESTATE FUNDO DE INVESTIMENTO IMOBILIÁRIO - FII;08/12/2021;INVESTIDORES EM GERAL;BRWHGRCTF008;25089531;N;N;Híbrido;Híbrido;Ativa;Indeterminado;;30/jun;S;S;N;S;N;XP INVESTIMENTOS CCTVM S.A;02332886000104;Avenida Ataulfo de Paiva;153;5º e 8º  Andar;Leblon;Rio de Janeiro;RJ;22440-032;(11) 3027 - 2237;;;www.xpi.com.br;adm.fundos.estruturados@xpi.com.br
41.272.747/0001-86;01/06/2023;1;28/09/2023;PLURAL BRB CRÉDITO AGRO - FIAGRO - IMOBILIÁRIO;28/07/2022;INVESTIDORES EM GERAL;BRPLCACTF009;557019;N;S;Títulos e Valores Mobiliários;Títulos e Val. Mob.;Ativa;Indeterminado;;30/jun;N;S;N;S;S;BANCO GENIAL S.A;4,52464E+13;PRAIA DE BOTAFOGO;228;SALA 907;BOTAFOGO;RIO DE JANEIRO;RJ;22.250-040;213293-3000;113206-8000;;WWW.BANCOGENIAL.COM;MIDDLEADM@GENIAL.COM.VC
41.673.359/0001-07;01/06/2023;2;02/01/2024;CLD GUARULHOS - FUNDO DE INVESTIMENTO IMOBILIARIO - FII;04/10/2022;INVESTIDORES EM GERAL;BR0DS5CTF004;6.834.773.421;N;N;Híbrido;Híbrido;Ativa;Indeterminado;;30/jun;N;S;N;S;N;SINGULARE CORRETORA DE TITULOS E VALORES MOBILIARIOS S.A;6,22854E+13;AVENIDA BRIGADEIRO FARIA LIMA;1355;15 andar;Jardim Paulistano;São Paulo;SP;01452-919;(11)2827-3500;;;www.singulare.com.br;fii.adm@singulare.com.br
41.745.701/0001-37;01/06/2023;1;27/09/2023;KINEA CRÉDITO AGRO FIAGRO-IMOBILIÁRIO;18/10/2021;INVESTIDORES EM GERAL;BRKNCACTF014;15489328;N;N;Títulos e Valores Mobiliários;Títulos e Val. Mob.;Ativa;Indeterminado;;30/jun;S;N;N;S;N;INTRAG DISTRIBUIDORA DE TÍTULOS E VALORES MOBILIÁRIOS LTDA;6,24181E+13;AV BRIGADEIRO FARIA LIMA;3400;;ITAIM BIBI;SÃO PAULO;SP;04538132;55 (11) 30726012;;;www.intrag.com.br;produtosestruturados@itau-unibanco.com.br
41.776.296/0001-14;01/06/2023;1;05/10/2023;LOS ANGELES FUNDO DE INVESTIMENTO IMOBILIÁRIO;05/08/2019;INVESTIDOR PROFISSIONAL;0;11.237.929.060.446;N;N;Híbrido;Outros;Ativa;Indeterminado;;30/jun;N;N;S;N;N;REAG DISTRIBUIDORA DE TITULOS E VALORES MOBILIARIOS S.A;3,483E+13;AV. BRIGADEIRO FARIA LIMA;2277;17º;Vila Olímpia;São Paulo;SP;01452000;3504-6800;;;www.reag.com.br;ramon.dantas@reag.com.br
41.922.239/0001-04;01/12/2023;1;15/02/2024;CSHG RESIDENCIAL - FDO INVEST IMOBILIÁRIO - FII;11/11/2021;INVESTIDOR PROFISSIONAL;BRHGRSCTF006;1492940;N;N;Renda;Residencial;Ativa;Indeterminado;;31/dez;S;N;N;S;N;CREDIT SUISSE HEDGING-GRIFFO CORRETORA DE VALORES S.A.;6,18092E+13;RUA LEOPOLDO COUTO DE MAGALHAES JUNIOR;700;11º ANDAR, (PARTE), 13º ANDAR E 14º ANDAR (PARTE);ITAIM BIBI;SÃO PAULO;SP;04542-000;(11) 3701-8600;;;https://imobiliario.cshg.com.br/;ri.imobiliario@cshg.com.br
41.969.501/0001-68;01/06/2023;1;26/09/2023;BWP DIASE LOGÍSTICA FUNDO DE INVESTIMENTO IMOBILIARIO;28/01/2022;INVESTIDOR QUALIFICADO;BRBWP1CTF006;2000;N;N;Títulos e Valores Mobiliários;Híbrido;Ativa;Indeterminado;;30/jun;S;N;N;S;N;PLANNER CORRETORA DE VALORES S.A.;00806535000154;Avenida Brigadeiro Faria Lima;3900;10º andar;Itaim Bibi;São Paulo;SP;04538-132;(11)2172-2600;0800 179 444;(11)2172-2600;www.planner.com.br;ejsilva@planner.com.br
41.969.537/0001-41;01/06/2023;1;26/09/2023;ANGRA FUNDO DE INVESTIMENTO IMOBILIÁRIO;15/06/2022;INVESTIDOR PROFISSIONAL;BR0ALPCTF000;688.88;N;N;Híbrido;Híbrido;Ativa;Indeterminado;;30/jun;N;S;N;N;S;PLANNER CORRETORA DE VALORES S.A.;00806535000154;Avenida Brigadeiro Faria Lima;3900;10º andar;Itaim Bibi;São Paulo;SP;04538-132;(11) 2172-2600;0800 179 444;;www.planner.com.br;aaipp@planner.com.br
42.405.905/0001-91;01/06/2023;1;28/09/2023;FG AGRO FI NAS CADEIAS PRODUTIVAS AGROINDUSTRIAIS;04/01/2022;INVESTIDORES EM GERAL;BRFGAACTF004;34097599;S;N;Híbrido;Híbrido;Ativa;Indeterminado;;30/jun;S;N;N;S;N;BRL TRUST DTVM S.A;4,24059E+13;Rua Alves Guimarães;1216;;Pinheiros;SÃO PAULO;SP;05410-002;(11) 3509-0600;;;WWW.BRLTRUST.COM.BR;juridico.fii@apexgroup.com
42.432.327/0001-82;01/06/2023;1;28/09/2023;NAVI RESIDENCIAL FUNDO DE INVESTIMENTO IMOBILIARIO;13/08/2021;INVESTIDORES EM GERAL;BRAPTOCTF007;4012857;N;N;Híbrido;Híbrido;Ativa;Indeterminado;;30/jun;S;N;N;S;N;BRL TRUST DTVM S.A;4,24323E+13;Rua Alves Guimarães;1216;;Pinheiros;São Paulo;SP;05410-002;(11) 3509-0600;;;www.brltrust.com.br;juridico.fii@apexgroup.com
42.479.593/0001-60;01/06/2023;1;27/09/2023;ITAÚ ASSET RURAL FIAGRO - IMOBILIÁRIO;23/02/2022;INVESTIDORES EM GERAL;BRRURAR01M16;97599509;N;N;Títulos e Valores Mobiliários;Títulos e Val. Mob.;Ativa;Indeterminado;;30/jun;S;N;N;S;N;INTRAG DISTRIBUIDORA DE TÍTULOS E VALORES MOBILIÁRIOS LTDA;6,24181E+13;AV BRIGADEIRO FARIA LIMA;3400;10º Andar;ITAIM BIBI;SÃO PAULO;SP;04538132;55 (11) 30726012;;;www.intrag.com.br;produtosestruturados@itau-unibanco.com.br
42.479.609/0001-35;01/06/2023;1;15/09/2023;KINEA LOG DESENVOLVIMENTO FUNDO DE INVESTIMENTO IMOBILIÁRIO;29/10/2021;INVESTIDOR QUALIFICADO;BR0ABACTF003;11.519.764.139;N;N;Renda;Logística;Ativa;Determinado;29/10/2027;30/jun;S;N;N;S;N;INTRAG DISTRIBUIDORA DE TÍTULOS E VALORES MOBILIÁRIOS LTDA;6,24181E+13;AV BRIGADEIRO FARIA LIMA;3400;10º Andar;ITAIM BIBI;SÃO PAULO;SP;4538132;55 (11) 30726012;;;www.intrag.com.br;produtosestruturados@itau-unibanco.com.br
42.502.802/0001-40;01/06/2023;1;27/09/2023;KINEA CREDITAS FUNDO DE INVESTIMENTO IMOBILIÁRIO - FII;21/01/2022;INVESTIDORES EM GERAL;BRKCRECTF009;3600000;N;N;Renda;Títulos e Val. Mob.;Ativa;Indeterminado;;30/jun;S;N;N;S;N;INTRAG DISTRIBUIDORA DE TÍTULOS E VALORES MOBILIÁRIOS LTDA;6,24181E+13;AV BRIGADEIRO FARIA LIMA;3400;10º Andar;ITAIM BIBI;SÃO PAULO;SP;04538132;55 (11) 30726012;;;www.intrag.com.br;produtosestruturados@itau-unibanco.com.br
42.502.827/0001-43;01/06/2023;1;14/09/2023;VECTIS DATAGRO CRÉD AGRONEGÓCIO FI NAS CADEIAS PROD AGRO IMO;29/12/2021;INVESTIDORES EM GERAL;BRVCRACTF004;4593919;N;N;Títulos e Valores Mobiliários;Títulos e Val. Mob.;Ativa;Indeterminado;;30/jun;S;N;N;S;N;INTRAG DISTRIBUIDORA DE TÍTULOS E VALORES MOBILIÁRIOS LTDA;6,24181E+13;AV BRIGADEIRO FARIA LIMA;3400;10º Andar;ITAIM BIBI;SÃO PAULO;SP;04538132;55 (11) 30726012;;;www.intrag.com.br;produtosestruturados@itau-unibanco.com.br
42.502.842/0001-91;01/06/2023;1;31/08/2023;RBR PREMIUM RECEBÍVEIS IMOB FUNDO INVESTIMENTO IMOBILIÁRIO;02/02/2022;INVESTIDORES EM GERAL;BRRPRICTF007;2241755;N;N;Renda;Títulos e Val. Mob.;Ativa;Indeterminado;;30/jun;S;N;N;S;N;INTRAG DISTRIBUIDORA DE TÍTULOS E VALORES MOBILIÁRIOS LTDA;6,24181E+13;AV BRIGADEIRO FARIA LIMA;3400;10º Andar;ITAIM BIBI;SÃO PAULO;SP;04538132;55 (11) 30726012;;;www.intrag.com.br;produtosestruturados@itau-unibanco.com.br
42.537.438/0001-53;01/06/2023;1;28/09/2023;NCH RECEBIVEIS DO AGRONEGOCIO FIAGRO IMOBILIARIO;30/11/2021;INVESTIDORES EM GERAL;BRNCRACTF001;4079106;N;N;Títulos e Valores Mobiliários;Títulos e Val. Mob.;Ativa;Indeterminado;;30/jun;S;N;N;S;N;BTG PACTUAL SERVICOS FINANCEIROS S/A DTVM;5,92813E+13;Praia de Botafogo;501;6º Andar;Botafogo;Rio de Janeiro;RJ;22250-040;(11)3383-3102;;;www.btgpactual.com;ri.fundoslistados@btgpactual.com
42.537.492/0001-07;01/06/2023;1;28/09/2023;FUNDO DE INSVESTIMENTO IMOBILIARIO PRIME OFFICES III;04/10/2021;INVESTIDOR QUALIFICADO;;650000;N;N;Renda;Híbrido;Ativa;Indeterminado;;30/jun;N;N;S;N;N;BTG PACTUAL SERVICOS FINANCEIROS S/A DTVM;5,92813E+13;Praia de Botafogo;501;6º Andar;Botafogo;Rio de Janeiro;RJ;22250-040;(11)3383-3102;;;www.btgpactual.com;ri.fundoslistados@btgpactual.com
42.537.540/0001-59;01/06/2023;1;25/09/2023;FUNDO DE INVESTIMENTO IMOBILIÁRIO - BRICK 80;08/10/2021;INVESTIDOR PROFISSIONAL;BR0AJUCTF004;301981.98;S;N;Renda;Híbrido;Passiva;Indeterminado;;30/jun;S;S;N;S;N;BTG PACTUAL SERVIÇOS FINANCEIROS S/A DTVM;5,92813E+13;Praia de Botafogo;501;5º andar - parte;Botafogo;Rio de Janeiro;RJ;22250040;(21) 3262-9600;;;https://www.btgpactual.com/;ol-reguladores@btgpactual.com
42.537.579/0001-76;01/06/2023;1;27/09/2023;CAPITANIA AGRO STRATEGIES - FIAGRO-IMOBILIARIO;16/03/2022;INVESTIDORES EM GERAL;;4138006;N;N;Títulos e Valores Mobiliários;Títulos e Val. Mob.;Ativa;Indeterminado;;30/jun;S;N;N;S;N;BTG PACTUAL SERVICOS FINANCEIROS S/A DTVM;5,92813E+13;Praia de Botafogo;501;6º Andar;Botafogo;Rio de Janeiro;RJ;22250-040;(11)3383-3102;;;www.btgpactual.com;ri.fundoslistados@btgpactual.com
42.537.601/0001-88;01/06/2023;2;29/09/2023;SPECIALE REAL ESTATE DEVELOPMENT FII;15/12/2021;INVESTIDOR PROFISSIONAL;BR0G1UCTF009;309804;S;N;Desenvolvimento para Venda;Híbrido;Ativa;Determinado;07/12/2029;30/jun;N;S;N;S;N;BANCO DAYCOVAL S/A;6,22329E+13;AV. PAULISTA;1793;2° andar;Bela Vista;São Paulo;SP;01311200;(11) 3138-0921;;;www.daycoval.com.br;middlesmc@bancodaycoval.com.br
42.592.476/0001-09;01/06/2023;1;28/09/2023;LESTE FIAGRO IMOBILIÁRIO;16/12/2020;INVESTIDOR PROFISSIONAL;BRLSAGCTF004;877799;N;N;Títulos e Valores Mobiliários;Outros;Ativa;Indeterminado;;30/jun;S;N;N;S;N;BANCO GENIAL S.A;4,52464E+13;PR DE BOTAFOGO;228;SALA 907;BOTAFOGO;RIO DE JANEIRO;RJ;22.250-040;1132068000;2139233000;;WWW.BANCOGENIAL.COM;MIDDLEADM@GENIAL.COM.VC
42.692.399/0001-69;01/06/2023;1;22/09/2023;INTER AMERRA - FIAGRO - IMOBILIÁRIO;28/06/2023;INVESTIDORES EM GERAL;BRIAAGCTF008;5448766;N;N;Híbrido;Títulos e Val. Mob.;Ativa;Indeterminado;;30/jun;S;N;N;S;N;INTER DISTRIBUIDORA DE TÍTULOS E VALORES MOBILIÁRIOS;1,89457E+13;Avenida Barbacena;1219;21;Santo Agostinho;Belo Horizonte;MG;30190131;(31) 3614-5332;;;https://www.bancointer.com.br/inter-dtvm/;admfundos@interdtvm.com.br
42.737.059/0001-07;01/06/2023;1;31/08/2023;KINEA PREMIUM PROPERTIES FUNDO DE INVESTIMENTO IMOBILIÁRIO;21/07/2022;INVESTIDORES EM GERAL;BRKNPRCTF002;579911;N;N;Títulos e Valores Mobiliários;Títulos e Val. Mob.;Ativa;Determinado;21/07/2026;30/jun;S;N;N;S;N;INTRAG DISTRIBUIDORA DE TÍTULOS E VALORES MOBILIÁRIOS LTDA;6,24181E+13;AV BRIGADEIRO FARIA LIMA;3400;10º Andar;ITAIM BIBI;SÃO PAULO;SP;04538132;55 (11) 30726012;;;www.intrag.com.br;produtosestruturados@itau-unibanco.com.br
42.737.077/0001-99;01/06/2023;1;27/09/2023;ITAÚ TEMPUS FUNDO DE INVESTIMENTO IMOBILIÁRIO;10/11/2022;INVESTIDORES EM GERAL;BRTMPSCTF003;978968;N;N;Títulos e Valores Mobiliários;Títulos e Val. Mob.;Ativa;Determinado;10/11/2028;30/jun;S;N;N;S;N;INTRAG DISTRIBUIDORA DE TÍTULOS E VALORES MOBILIÁRIOS LTDA;6,24181E+13;AV BRIGADEIRO FARIA LIMA;3400;10º Andar;ITAIM BIBI;SÃO PAULO;SP;04538132;55 (11) 30726012;;;www.intrag.com.br;produtosestruturados@itau-unibanco.com.br
42.754.342/0001-47;01/06/2023;1;27/09/2023;KINEA HEDGE FUND FUNDO DE INVESTIMENTO IMOBILIÁRIO;07/02/2023;INVESTIDORES EM GERAL;BRKNHFCTF004;8404338;N;N;Renda;Híbrido;Ativa;Indeterminado;;30/jun;S;N;N;S;N;INTRAG DISTRIBUIDORA DE TÍTULOS E VALORES MOBILIÁRIOS LTDA;6,24181E+13;AV BRIGADEIRO FARIA LIMA;3400;10º Andar;ITAIM BIBI;SÃO PAULO;SP;4538132;55 (11) 30726012;;;www.intrag.com.br;produtosestruturados@itau-unibanco.com.br
42.754.362/0001-18;01/06/2023;1;27/09/2023;KINEA UNIQUE HY CDI FUNDO DE INVESTIMENTO IMOBILIÁRIO;15/12/2022;INVESTIDORES EM GERAL;BR0EBICTF008;1664049;N;N;Renda;Títulos e Val. Mob.;Ativa;Indeterminado;;30/jun;S;N;N;S;N;INTRAG DISTRIBUIDORA DE TÍTULOS E VALORES MOBILIÁRIOS LTDA;6,24181E+13;AV BRIGADEIRO FARIA LIMA;3400;10º Andar;ITAIM BIBI;SÃO PAULO;SP;04538132;55 (11) 30726012;;;www.intrag.com.br;produtosestruturados@itau-unibanco.com.br
42.869.892/0001-01;01/06/2023;2;04/10/2023;BRIO REAL ESTATE IV - FUNDO DE INVESTIMENTO IMOBILIÁRIO;25/07/2022;INVESTIDOR PROFISSIONAL;BRBIPDCTF001;48718;N;N;Desenvolvimento para Venda;Híbrido;Ativa;Indeterminado;;30/jun;S;N;N;S;N;BRL TRUST DTVM S.A.;1,34868E+13;Rua Alves Guimarães;1216;;Pinheiros;São Paulo;SP;05410-002;(11) 3509-062023;;;www.brltrust.com.br;juridico.fii@apexgroup.com
42.888.292/0001-90;01/06/2023;1;27/09/2023;JGP CRÉDITO FIAGRO IMOBILIÁRIO;23/11/2021;INVESTIDORES EM GERAL;BRJGPXCTF006;848097;N;N;Híbrido;Híbrido;Ativa;Indeterminado;;30/jun;S;N;N;S;N;BANCO DAYCOVAL S/A;6,22329E+13;AV. PAULISTA;1793;2° andar;Bela Vista;São Paulo;SP;01311200;(11) 3138-0921;(11) 3138-1678;(11) 3138-1678;www.daycoval.com.br;middlesmc@bancodaycoval.com.br
43.008.233/0001-43;01/06/2023;1;28/09/2023;BTG PACTUAL CREDITO PARA INCORPORACAO  FII FII;31/10/2022;INVESTIDORES EM GERAL;BR0D70CTF004;72755550;N;N;Títulos e Valores Mobiliários;Títulos e Val. Mob.;Ativa;Indeterminado;;30/jun;N;N;S;N;S;BTG PACTUAL SERVICOS FINANCEIROS S/A DTVM;5,92813E+13;Praia de Botafogo;501;6º Andar;Botafogo;Rio de Janeiro;RJ;22250-040;(11)3383-3102;;;www.btgpactual.com;ri.fundoslistados@btgpactual.com
43.008.884/0001-33;01/06/2023;1;28/09/2023;FII FII MAUA PROPRIEDADES PARA INVESTIMENTO;26/07/2022;INVESTIDOR PROFISSIONAL;;245000;N;N;Renda;Híbrido;Ativa;Indeterminado;;30/jun;N;N;S;N;N;BTG PACTUAL SERVICOS FINANCEIROS S/A DTVM;5,92813E+13;Praia de Botafogo;501;6º Andar;Botafogo;Rio de Janeiro;RJ;22250-040;(11)3383-3102;;;www.btgpactual.com;ri.fundoslistados@btgpactual.com
43.101.312/0001-02;01/06/2023;1;03/10/2023;FII MEIRINGEN FUNDO DE INVESTIMENTO IMOBILIÁRIO;23/02/2022;INVESTIDOR PROFISSIONAL;0;249.259.286.668.198;N;N;Renda;Híbrido;Ativa;Indeterminado;;30/jun;N;N;S;N;N;REAG DISTRIBUIDORA DE TITULOS E VALORES MOBILIARIOS S.A;3,483E+13;AV. BRIGADEIRO FARIA LIMA;2277;17º;Vila Olímpia;São Paulo;SP;01452000;3504-6800;;;www.reag.com.br;ramon.dantas@reag.com.br
43.440.579/0001-16;01/06/2023;1;27/09/2023;WARREN SECURITIES FUNDO DE INVESTIMENTO IMOBILIÁRIO - FII;28/09/2022;INVESTIDOR PROFISSIONAL;BRWSECCTF010;245651;N;S;Títulos e Valores Mobiliários;Títulos e Val. Mob.;Ativa;Indeterminado;;30/jun;N;N;S;N;N;WARREN CORRETORA DE VALORES MOBILIÁRIOS E CÂMBIO LTDA.;9,28758E+13;AV. OSVALDO ARANHA;720;SALA 201;BOM FIM;PORTO ALEGRE;RS;90035-191;(51) 3907-4080;;;WWW.WARREN.COM.BR;CONTROLES.FIDUCIARIOS@WARREN.COM.BR
43.617.647/0001-70;01/06/2023;1;06/09/2023;FUNDO DE INVESTIMENTO IMOBILIÁRIO - FII BIOTIC;02/05/2022;INVESTIDOR QUALIFICADO;BR0CNPCTF002;9900000;N;N;Desenvolvimento para Renda;Lajes Corporativas;Passiva;Indeterminado;;30/jun;S;N;N;S;N;BRB DISTRIBUIDORA DE TÍTULOS E VALORES IMOBILIÁRIOS S.A.;3,38507E+13;Centro Empresarial CNC - ST SAUN Quadra 5 Lote C, Bloco C,;n/a;2º Andar;Brasília;Brasília;DF;70040250;61 3409-2005;61 3409-2030;;www.brb.com.br;relacionamento@dtvm.brb.com.br
43.740.825/0001-55;01/06/2023;1;05/10/2023;KOMBI AZUL FUNDO DE INVESTIMENTO IMOBILIÁRIO;05/08/2019;INVESTIDOR PROFISSIONAL;0;3.725.013.692;N;N;Híbrido;Outros;Ativa;Indeterminado;;30/jun;N;N;S;N;N;REAG DISTRIBUIDORA DE TITULOS E VALORES MOBILIARIOS S.A;3,483E+13;AV. BRIGADEIRO FARIA LIMA;2277;17º;Vila Olímpia;São Paulo;SP;01452000;3504-6800;;;www.reag.com.br;ramon.dantas@reag.com.br
43.741.195/0001-33;01/06/2023;1;28/09/2023;MAUÁ CAPITAL CRÉDITO ESTRUTURADO FUNDO DE INVESTIMENTO IMOB;02/08/2021;INVESTIDORES EM GERAL;BR0DDTCTF003;4658850;N;N;Híbrido;Títulos e Val. Mob.;Ativa;Indeterminado;;30/jun;N;S;N;N;S;XP INVESTIMENTOS CCTVM S.A;02332886000104;Avenida Ataulfo de Paiva;153;5º e 8º  Andar;Leblon;Rio de Janeiro;RJ;22440-032;(11) 3027 - 2237;;;www.xpi.com.br;adm.fundos.estruturados@xpi.com.br
43.741.205/0001-30;01/06/2023;1;28/09/2023;JGP CREDITO AGRO FIAGRO - FI IMOBILIÁRIO;14/09/2022;INVESTIDORES EM GERAL;BR0DDTCTF003;19249618;N;N;Híbrido;Títulos e Val. Mob.;Ativa;Indeterminado;;30/jun;N;S;N;N;S;XP INVESTIMENTOS CCTVM S.A;02332886000104;Avenida Ataulfo de Paiva;153;5º e 8º  Andar;Leblon;Rio de Janeiro;RJ;22440-032;(11) 3027 - 2237;;;www.xpi.com.br;adm.fundos.estruturados@xpi.com.br
43.790.197/0001-12;01/06/2023;1;27/09/2023;NOVO CAMPO FUNDO DE INVESTIMENTO IMOBILIÁRIO - FII;18/10/2022;INVESTIDOR PROFISSIONAL;BR0EL3CTF005;52.803.446.619.651;N;N;Renda;Híbrido;Ativa;Indeterminado;;30/jun;S;N;N;S;N;TRUSTEE DISTRIBUIDORA DE TITULOS E VALORES MOBILIARIOS LTDA.;6,70304E+13;Avenida Brigadeiro Faria Lima;3477;11º andar;Itaim Bibi;São Paulo;SP;04538-133;0800 930 0930;;;www.trusteedtvm.com.br;ouvidoria@trusteedtvm.com.br
43.862.625/0001-75;01/12/2023;1;09/03/2024;BRC II FUNDO DE INVESTIMENTO IMOBILIÁRIO;17/05/2018;INVESTIDORES EM GERAL;BRRTELCTF001;196345;N;N;Renda;Híbrido;Ativa;Indeterminado;;31/dez;N;N;S;N;N;BR-CAPITAL DISTRIB.DE TITULOS E VALORES MOBILIÁRIOS S.A.;4,4077E+13;AV. NAÇÕES UNIDAS;11857;CONJ. 111;BROOKLIN PAULISTA;SÃO PAULO;SP;04578-908;(11) 5508-3500;;;www.brcapital.com.br;fundos@brcapital.com.br
43.951.875/0001-81;01/06/2023;1;28/09/2023;VIC DESENVOLVIMENTO VINTAGE 22/23 FII;29/07/2022;INVESTIDOR PROFISSIONAL;BRVDSVCTF006;13698;N;N;Híbrido;Residencial;Ativa;Determinado;13/12/2031;30/jun;S;N;N;S;N;BANCO GENIAL S.A;4,52464E+13;PRAIA DE BOTAFOGO;228;SALA 907;BOTAFOGO;RIO DE JANEIRO;RJ;22.250-040;113206-8000;113293-3000;;WWW.BANCOGENIAL.COM;MIDDLEADM@GENIAL.COM.VC
43.951.911/0001-07;01/06/2023;1;28/09/2023;FI NAS CADEIAS PROD. AGRO. EXES ARAGUAIA - FIAGRO - FII;12/04/2022;INVESTIDORES EM GERAL;BRAGRXCTF001;9561190;N;N;Títulos e Valores Mobiliários;Outros;Ativa;Indeterminado;;30/jun;N;S;N;S;S;BANCO GENIAL S.A;4,52464E+13;PRAIA DE BOTAFOGO;228;SALA 907;BOTAFOGO;RIO DE JANEIRO;RJ;22.250.040;113206-8000;213923-3000;;WWW.BANCOGENIAL.COM;MIDDLEADM@GENIAL.COM.VC
44.002.561/0001-03;01/06/2023;1;28/09/2023;TORINO FUNDO DE INVESTIMENTO IMOBILIÁRIO;13/12/2022;INVESTIDOR PROFISSIONAL;BR0EHWCTF006;31000;N;N;Híbrido;Híbrido;Ativa;Indeterminado;;30/jun;N;N;S;N;N;SINGULARE CORRETORA DE TITULOS E VALORES MOBILIARIOS S.A;6,22854E+13;Avenida Brigadeiro Faria Lima;1355;15 andar;Jardim Paulistano;São Paulo;SP;01452919;1128273500;;;www.singulare.com.br;fii.adm@singulare.com.br
44.177.538/0001-41;01/06/2023;1;28/09/2023;FUNDO DE INVESTIMENTO IMOBILIÁRIO DE UNIDADES AUTÔNOMAS II;25/11/2021;INVESTIDOR PROFISSIONAL;BRIDGRCTF006;883359;N;S;Renda;Híbrido;Ativa;Determinado;26/07/2026;30/jun;N;N;S;N;N;ID CORRETORA DE TÍTULOS E VALORES MOBILIÁRIOS S.A.;1,66959E+13;AV JUSCELINO KUBITSCHEK;1726;CJ 194;VILA NOVA CONCEIÇÃO;SÃO PAULO;SP;04543-000;(11)46376633;;;WWW.IDSF.COM.BR;SUPERVISAO@IDSF.COM.BR
44.286.898/0001-81;01/06/2023;1;28/09/2023;SFI INVESTIMENTO DO AGRONEGÓCIO - FIAGRO IMOBILIÁRIO;16/03/2022;INVESTIDOR PROFISSIONAL;BRIAGRCTF002;265200;N;N;Títulos e Valores Mobiliários;Títulos e Val. Mob.;Ativa;Indeterminado;;30/jun;S;N;N;S;N;BANCO DAYCOVAL S/A;6,22329E+13;AV. PAULISTA;1793;2° andar;Bela Vista;São Paulo;SP;01311200;(11) 3138-0921;;;www.daycoval.com.br;middlesmc@bancodaycoval.com.br
44.465.913/0001-59;01/06/2023;1;03/10/2023;ARPURO I FUNDO DE INVESTIMENTO IMOBILIÁRIO;20/01/2022;INVESTIDOR QUALIFICADO;0;76.644.663.502.163;N;N;Desenvolvimento para Renda;Outros;Ativa;Indeterminado;;30/jun;N;N;S;N;N;REAG DISTRIBUIDORA DE TITULOS E VALORES MOBILIARIOS S.A;3,483E+13;AV. BRIGADEIRO FARIA LIMA;2277;17º;Vila Olímpia;São Paulo;SP;01452000;3504-6800;;;www.reag.com.br;ramon.dantas@reag.com.br
44.527.494/0001-32;01/06/2023;1;12/09/2023;ARX DOVER RECEBÍVEIS FUNDO DE INVESTIMENTO IMOBILIÁRIO;02/06/2022;INVESTIDOR QUALIFICADO;BRARXDR01M19;492050;N;N;Títulos e Valores Mobiliários;Títulos e Val. Mob.;Ativa;Indeterminado;;30/jun;S;N;N;S;N;HEDGE INVESTMENTS DTVM LTDA;07253654000176;AVENIDA BRIGADEIRO FARIA LIMA;3600;11º ANDAR CJ 112;ITAIM BIBI;SÃO PAULO;SP;04538-132;(11) 5412-5400;;;www.hedgeinvest.com.br;dtvm@hedgeinvest.com.br
44.625.694/0001-28;01/06/2023;2;16/10/2023;051 AGRO FI NAS CADEIAS PRODUTIVAS AGROIN FIAGRO IMOBILIÁRIO;03/05/2022;INVESTIDOR PROFISSIONAL;BRFZDACTF008;1550000;N;N;Híbrido;Híbrido;Ativa;Indeterminado;;30/jun;S;S;N;S;N;XP INVESTIMENTOS CCTVM S.A;02332886000104;Avenida Ataulfo de Paiva;153;5º e 8º  Andar;Leblon;Rio de Janeiro;RJ;22440-032;(11) 3027 - 2237;;;www.xpi.com.br;adm.fundos.estruturados@xpi.com.br
44.728.452/0001-60;01/06/2023;1;05/10/2023;MOGNO LOGÍSTICA FUNDO DE INVESTIMENTO IMOBILIÁRIO;05/08/2019;INVESTIDOR PROFISSIONAL;0;1.004.710.967.051;N;N;Híbrido;Híbrido;Ativa;Indeterminado;;30/jun;N;N;S;N;N;REAG DISTRIBUIDORA DE TITULOS E VALORES MOBILIARIOS S.A;3,483E+13;AV. BRIGADEIRO FARIA LIMA;2277;17º;Vila Olímpia;São Paulo;SP;01452000;3504-6800;;;www.reag.com.br;ramon.dantas@reag.com.br
44.728.520/0001-90;01/06/2023;1;03/10/2023;HIGH END REAL ESTATE FUNDO DE INVESTIMENTO IMOBILIÁRIO;29/04/2022;INVESTIDOR PROFISSIONAL;0;3.157.443.059.014;N;N;Híbrido;Outros;Ativa;Indeterminado;;30/jun;N;N;S;N;N;REAG DISTRIBUIDORA DE TITULOS E VALORES MOBILIARIOS S.A;3,483E+13;AV. BRIGADEIRO FARIA LIMA;2277;17º;Vila Olímpia;São Paulo;SP;01452000;3504-6800;;;www.reag.com.br;ramon.dantas@reag.com.br
45.123.465/0001-78;01/06/2023;1;28/09/2023;GAZIN FUNDO DE INVESTIMENTO IMOBILIÁRIO - FII;01/07/2022;INVESTIDORES EM GERAL;BR0CE4CTF004;508900;N;S;Desenvolvimento para Renda;Lajes Corporativas;Ativa;Indeterminado;;30/jun;S;N;N;S;N;BANCO GENIAL S.A;4,52464E+13;PRAIA DE BOTAFOGO;228;SALA 907;BOTAFOGO;RIO DE JANEIRO;RJ;22.250-040;11 3206-8000;213293-3000;;www.bancogenial.com;MIDDLEADM@GENIAL.COM.VC
45.123.558/0001-00;01/06/2023;1;28/09/2023;CANAÃ FI NAS CADEIAS PRODUTIVAS AGROINDUSTRIAIS - FIAGRO FII;19/04/2022;INVESTIDOR PROFISSIONAL;BR0BVUCTF007;101000;N;N;Títulos e Valores Mobiliários;Outros;Ativa;Indeterminado;;30/jun;S;N;N;S;N;BANCO GENIAL S.A.;4,52464E+13;PR BOTAFOGO;228;SALA 907;BOTAFOGO;RIO DE JANEIRO;RJ;22.250.040;113206-8000;213923-30000;;WWW.BANCOGENIAL.COM;MIDDLEADM@GENIAL.COM.VC
45.188.066/0001-95;01/06/2023;1;28/09/2023;ZAGROS MULTIESTRATEGIA FII;04/11/2022;INVESTIDOR QUALIFICADO;;244600;N;N;Híbrido;Híbrido;Ativa;Indeterminado;;30/jun;N;N;S;N;N;BTG PACTUAL SERVICOS FINANCEIROS S/A DTVM;5,92813E+13;Praia de Botafogo;501;6º Andar;Botafogo;Rio de Janeiro;RJ;22250-040;(11)3383-3102;;;www.btgpactual.com;ri.fundoslistados@btgpactual.com
45.188.124/0001-80;01/06/2023;1;28/09/2023;EMPIRICA RECEBIVEIS IMOBILIARIOS FII;11/11/2022;INVESTIDOR QUALIFICADO;-;1000000;N;N;Títulos e Valores Mobiliários;Títulos e Val. Mob.;Ativa;Indeterminado;;30/jun;N;N;S;N;N;BTG PACTUAL SERVICOS FINANCEIROS S/A DTVM;5,92813E+13;Praia de Botafogo;501;6º Andar;Botafogo;Rio de Janeiro;RJ;22250-040;(11)3383-3102;;;www.btgpactual.com;ri.fundoslistados@btgpactual.com
45.188.176/0001-57;01/06/2023;1;28/09/2023;BTG PACTUAL REAL ESTATE HEDGE FUND FII FII;31/01/2023;INVESTIDORES EM GERAL;BR0EI9CTF007;36000000;N;N;Títulos e Valores Mobiliários;Títulos e Val. Mob.;Ativa;Indeterminado;;30/jun;N;N;S;N;S;BTG PACTUAL SERVICOS FINANCEIROS S/A DTVM;5,92813E+13;Praia de Botafogo;501;6º Andar;Botafogo;Rio de Janeiro;RJ;22250-040;(11)3383-3102;;;www.btgpactual.com;ri.fundoslistados@btgpactual.com
45.188.199/0001-61;01/12/2023;1;09/02/2024;FUNDO DE INVESTIMENTO IMOBILIARIO - BRICK 104;05/01/2023;INVESTIDOR PROFISSIONAL;0;107.184.131;S;N;Renda;Híbrido;Passiva;Determinado;05/01/2063;31/dez;S;S;N;S;N;BTG PACTUAL SERVIÇOS FINANCEIROS S/A DTVM;5,92813E+13;Praia de Botafogo;501;Torre Corcovado, 5º andar;Botafogo;Rio de Janeiro;RJ;22250040;(21) 3262-9600;;;https://www.btgpactual.com/;ol-reguladores@btgpactual.com
45.718.511/0001-81;01/06/2023;1;28/09/2023;RIZA EOS FI NAS CAD PROD - FIAGRO - IMOB;20/12/2022;INVESTIDOR QUALIFICADO;BRRZEOCTF010;2508800;N;N;Títulos e Valores Mobiliários;Títulos e Val. Mob.;Ativa;Determinado;20/12/2025;30/jun;S;S;N;S;S;BANCO GENIAL S.A;4,52464E+13;PRAIA DE BOTAFOGO;228;SALA 907;BOTAFOGO;RIO DE JANEIRO;RJ;22.250-040;113206-8000;213293-3000;;WWW.BANCOGENIAL.COM;MIDDLEADM@GENIAL.COM.VC
45.742.247/0001-11;01/06/2023;1;28/09/2023;RIZA MEYENII ATIVOS REAIS DEDICADO - FDO INV IMOB;14/12/2022;INVESTIDOR PROFISSIONAL;BRMYDWCTF001;160000;N;N;Híbrido;Híbrido;Ativa;Indeterminado;;30/jun;S;S;N;S;S;BANCO GENIAL S.A;4,52464E+13;PRAIA DE BOTAGOGO;228;SALA 907;BOTAFOGO;RIO DE JANEIRO;RJ;22.250-040;213293-3000;113206-8000;;WWW.BANCOGENIAL.COM;MIDDLEADM@GENIAL.COM.VC
45.777.119/0001-03;01/06/2023;1;28/09/2023;G5 EMPREENDIMENTO IMOBILIARIO FII;19/05/2022;INVESTIDOR QUALIFICADO;BR0CCHCTF002;225.207.935;N;N;Híbrido;Híbrido;Ativa;Indeterminado;;30/jun;N;N;S;N;N;SINGULARE CORRETORA DE TITULOS E VALORES MOBILIARIOS S.A;4,57771E+13;Avenida Brigadeiro Faria Lima;1355;15° andar;Jardim Paulistano;São Paulo;SP;01452-002;(11) 2827-3500;;;www.singulare.com.br;fii.adm@singulare.com.br
46.285.299/0001-79;01/06/2023;1;21/09/2023;GALAPAGOS SPECIAL OPORTUNITIES FII;23/12/2022;INVESTIDORES EM GERAL;BRGCOICTF013;113000;N;N;Renda;Híbrido;Ativa;Indeterminado;;30/jun;S;N;N;S;N;SINGULARE CORRETORA DE TITULOS E VALORES MOBILIARIOS S.A;6,22854E+13;Avenida Brigadeiro Faria Lima;1355;15 andar;Jardim Paulistano;São Paulo;SP;014529002;1128273500;;;www.singulare.com.br;fii.adm@singulare.com.br
46.322.850/0001-07;01/06/2023;1;27/09/2023;VALORA CRI INFRA FUNDO DE INVESTIMENTO IMOBILIÁRIO;23/05/2022;INVESTIDOR PROFISSIONAL;BR0CL2CTF009;1252026;N;N;Títulos e Valores Mobiliários;Títulos e Val. Mob.;Ativa;Determinado;01/06/2027;30/jun;N;S;N;N;S;BANCO DAYCOVAL S/A;6,22329E+13;AV. PAULISTA;1793;2° andar;Bela Vista;São Paulo;SP;01311200;(11) 3138-0921;(11) 3138-1678;(11) 3138-1678;www.daycoval.com.br;middlesmc@bancodaycoval.com.br
46.437.903/0001-35;01/06/2023;1;27/09/2023;NAVI HEDGE FUND FUNDO DE INVESTIMENTO IMOBILIÁRIO;25/10/2022;INVESTIDORES EM GERAL;BR0DE9CTF002;22825825;N;N;Híbrido;Híbrido;Ativa;Indeterminado;;30/jun;S;S;N;S;N;BANCO DAYCOVAL S/A;6,22329E+13;AV. PAULISTA;1793;2° andar;Bela Vista;São Paulo;SP;01311200;(11) 3138-0921;;;www.daycoval.com.br;middlesmc@bancodaycoval.com.br
46.965.606/0001-62;01/06/2023;1;05/10/2023;PEDRA ALTA FUNDO DE INVESTIMENTO IMOBILIÁRIO;05/08/2019;INVESTIDOR PROFISSIONAL;0;230;N;N;Híbrido;Outros;Ativa;Indeterminado;;30/jun;N;N;S;N;N;REAG DISTRIBUIDORA DE TITULOS E VALORES MOBILIARIOS S.A;3,483E+13;AV. BRIGADEIRO FARIA LIMA;2277;17º;Vila Olímpia;São Paulo;SP;01452000;3504-6800;;;www.reag.com.br;ramon.dantas@reag.com.br
48.410.852/0001-83;01/06/2023;1;08/09/2023;JGP CRÉDITO IMOBILIÁRIO FII;23/11/2022;INVESTIDORES EM GERAL;BR0E4TCTF007;100.369.183.398.799;N;N;Títulos e Valores Mobiliários;Títulos e Val. Mob.;Ativa;Indeterminado;;30/jun;N;S;N;S;N;BNY MELLON SERVIÇOS FINANCEIROS DTVM S/A;4,84109E+13;AV. PRESIDENTE WILSON;231;11º ANDAR;CENTRO;RIO DE JANEIRO;RJ;20030905;(21) 32192554;;;www.bnymellon.com.br;bnymellon_cvm@bnymellon.com.br
48.565.175/0001-72;01/06/2023;2;16/10/2023;051 AGRO FAZ II FI NAS CADEIAS PROD AGRO FIAGRO IMOBILIARIO;02/09/2022;INVESTIDOR PROFISSIONAL;BRFLEMCTF001;2925000;N;N;Híbrido;Híbrido;Ativa;Indeterminado;;30/jun;S;S;N;S;N;XP INVESTIMENTOS CCTVM S.A;02332886000104;Avenida Ataulfo de Paiva;153;5º e 8º  Andar;Leblon;Rio de Janeiro;RJ;22440-032;(11) 3027 - 2237;;;www.xpi.com.br;adm.fundos.estruturados@xpi.com.br
48.904.259/0001-93;01/06/2023;1;27/09/2023;CARFAN FUNDO DE INVESTIMENTO IMOBILIÁRIO;19/12/2022;INVESTIDOR PROFISSIONAL;BR0EL0CTF001;15.121.354.843.465;N;N;Híbrido;Híbrido;Ativa;Indeterminado;;30/jun;S;N;N;S;N;TRUSTEE DISTRIBUIDORA DE TITULOS E VALORES MOBILIARIOS LTDA.;6,70304E+13;Avenida Brigadeiro Faria Lima;3477;11º andar;Itaim Bibi;São Paulo;SP;04538-133;0800 930 0930;;;www.trusteedtvm.com.br;ouvidoria@trusteedtvm.com.br
48.916.246/0001-34;01/06/2023;1;28/09/2023;CAPITANIA REIT FOF - FII II;03/01/2023;INVESTIDORES EM GERAL;;2834551;N;N;Títulos e Valores Mobiliários;Títulos e Val. Mob.;Ativa;Indeterminado;;30/jun;S;N;N;S;N;BTG PACTUAL SERVICOS FINANCEIROS S/A DTVM;5,92813E+13;Praia de Botafogo;501;6º Andar;Botafogo;Rio de Janeiro;RJ;22250-040;(11)3383-3102;;;www.btgpactual.com;ri.fundoslistados@btgpactual.com
48.961.539/0001-33;01/12/2023;1;09/02/2024;BRYGGEN FUNDO DE INVESTIMENTO IMOBILIARIO;22/12/2022;INVESTIDOR PROFISSIONAL;;2.368.988.448;N;N;Renda;Lajes Corporativas;Ativa;Indeterminado;;31/dez;N;N;S;N;N;BTG PACTUAL SERVIÇOS FINANCEIROS S/A DTVM;5,92813E+13;Praia de Botafogo;501;Torre Corcovado, 5º andar;Botafogo;Rio de Janeiro;RJ;22250040;(21) 3262-9600;;;https://www.btgpactual.com/;ol-reguladores@btgpactual.com
48.964.604/0001-84;01/06/2023;1;28/09/2023;GRIFFIN FUNDO DE INVESTIMENTO IMOBILIÁRIO;07/03/2023;INVESTIDOR PROFISSIONAL;BR0GZKCTF008;61.192.002.871;N;N;Híbrido;Híbrido;Ativa;Indeterminado;;30/jun;S;S;N;S;N;ID CORRETORA DE TÍTULOS E VALORES MOBILIÁRIOS S.A.;1,66959E+13;AV JUSCELINO KUBITSCHEK;1726;CJ 194;VILA NOVA CONCEIÇÃO;SÃO PAULO;SP;04543-000;(11)46376633;;;WWW.IDSF.COM.BR;SUPERVISAO@IDSF.COM.BR
48.978.731/0001-32;01/06/2023;1;27/09/2023;FRATIX FUNDO DE INVESTIMENTO IMOBILIÁRIO - FII;29/12/2022;INVESTIDOR PROFISSIONAL;BR0EL1CTF009;145920;N;N;Híbrido;Híbrido;Ativa;Indeterminado;;30/jun;S;N;N;S;N;TRUSTEE DISTRIBUIDORA DE TITULOS E VALORES MOBILIARIOS LTDA.;6,70304E+13;Avenida Brigadeiro Faria Lima;3477;11º andar;Itaim Bibi;São Paulo;SP;04538-133;0800 930 0930;;;www.trusteedtvm.com.br;ouvidoria@trusteedtvm.com.br
48.978.797/0001-22;01/06/2023;1;27/09/2023;MENESCAL FUNDO DE INVESTIMENTO IMOBILIÁRIO - FII;29/12/2022;INVESTIDOR PROFISSIONAL;BR0EL2CTF007;20.722.523.667.573;N;N;Híbrido;Híbrido;Ativa;Indeterminado;;30/jun;S;N;N;S;N;TRUSTEE DISTRIBUIDORA DE TITULOS E VALORES MOBILIARIOS LTDA.;6,70304E+13;Avenida Brigadeiro Faria Lima;3477;11º andar;Itaim Bibi;São Paulo;SP;04538-133;0800 930 0930;;;www.trusteedtvm.com.br;ouvidoria@trusteedtvm.com.br
48.978.859/0001-04;01/06/2023;1;27/09/2023;BRPR CORPORATE OFFICES FII;29/12/2022;INVESTIDORES EM GERAL;BRBROFCTF000;11610812;N;N;Renda;Híbrido;Ativa;Indeterminado;;30/jun;N;N;S;N;N;BTG PACTUAL SERVICOS FINANCEIROS S/A DTVM;5,92813E+13;Praia de Botafogo;501;6º Andar;Botafogo;Rio de Janeiro;RJ;22250-040;(11)3383-3102;;;www.btgpactual.com;ri.fundoslistados@btgpactual.com
48.984.698/0001-53;01/06/2023;1;27/09/2023;PINHEIROS FUNDO DE INVESTIMENTO IMOBILIÁRIO - FII;18/04/2023;INVESTIDOR PROFISSIONAL;BR0FF4CTF000;1150;N;N;Híbrido;Híbrido;Ativa;Indeterminado;;30/jun;S;N;N;S;N;TRUSTEE DISTRIBUIDORA DE TITULOS E VALORES MOBILIARIOS LTDA.;6,70304E+13;Avenida Brigadeiro Faria Lima;3477;11º andar;Itaim Bibi;São Paulo;SP;04538-133;0800 930 0930;;;www.trusteedtvm.com.br;ouvidoria@trusteedtvm.com.br
49.318.661/0001-59;01/06/2023;1;28/09/2023;NOAD LIFETIME RECEBÍVEIS IMOBILIÁRIOS FII;06/02/2023;INVESTIDOR PROFISSIONAL;BR0ETLCTF004;500;N;N;Híbrido;Híbrido;Ativa;Indeterminado;;30/jun;N;N;S;N;N;SINGULARE CORRETORA DE TITULOS E VALORES MOBILIARIOS S.A;6,22854E+13;Avenida Brigadeiro Faria Lima;1355;15 andar;Jardim Paulistano;São Paulo;SP;01452002;1128273500;;;www.singulare.com.br;fii.adm@singulare.com.br
49.489.928/0001-70;01/06/2023;2;16/10/2023;051 AGRO FAZEN III FI NAS CADEIAS PROD AGRO - FIAGRO - IMOB;15/02/2023;INVESTIDOR PROFISSIONAL;BRFZDBCTF006;3600000;N;N;Híbrido;Híbrido;Ativa;Indeterminado;;30/jun;S;S;N;S;N;XP INVESTIMENTOS CCTVM S.A;02332886000104;Avenida Ataulfo de Paiva;153;5º e 8º  Andar;Leblon;Rio de Janeiro;RJ;22440-032;(11) 3027 - 2237;;;www.xpi.com.br;adm.fundos.estruturados@xpi.com.br
50.252.286/0001-70;01/06/2023;1;05/10/2023;MAYA FUNDO DE INVESTIMENTO IMOBILIÁRIO;05/08/2019;INVESTIDOR PROFISSIONAL;0;4.506.725;N;N;Híbrido;Outros;Ativa;Indeterminado;;30/jun;N;N;S;N;N;REAG DISTRIBUIDORA DE TITULOS E VALORES MOBILIARIOS S.A;3,483E+13;AV. BRIGADEIRO FARIA LIMA;2277;17º;Vila Olímpia;São Paulo;SP;01452000;3504-6800;;;www.reag.com.br;ramon.dantas@reag.com.br
50.375.550/0001-63;01/06/2023;1;05/10/2023;REAG AUCTION OPPORTUNITIES FII;05/08/2019;INVESTIDOR PROFISSIONAL;0;1.983.502.323.329;N;N;Renda;Outros;Ativa;Indeterminado;;30/jun;N;N;S;N;N;REAG DISTRIBUIDORA DE TITULOS E VALORES MOBILIARIOS S.A;3,483E+13;AV. BRIGADEIRO FARIA LIMA;2277;17º;Vila Olímpia;São Paulo;SP;01452000;3504-6800;;;www.reag.com.br;ramon.dantas@reag.com.br
50.808.042/0001-21;01/06/2023;1;28/09/2023;VBI TR FARIA LIMA 4440 FUNDO DE INVESTIMENTO IMOBILIÁRIO;12/06/2023;INVESTIDOR QUALIFICADO;BRFLFLCTF000;1451500;N;N;Desenvolvimento para Renda;Híbrido;Ativa;Indeterminado;;30/jun;N;N;S;N;N;BRL TRUST DTVM S.A.;1,34868E+13;Rua Alves Guimarães;1216;;Pinheiros;São Paulo;SP;05410-002;(11) 3509-0600;;;www.brltrust.com.br;juridico.fii@apexgroup.com
50.876.919/0001-11;01/06/2023;1;05/10/2023;ARC IV FUNDO DE INVESTIMENTO IMOBILIÁRIO;05/08/2019;INVESTIDOR PROFISSIONAL;0;1100;N;N;Híbrido;Outros;Ativa;Indeterminado;;30/jun;N;N;S;N;N;REAG DISTRIBUIDORA DE TITULOS E VALORES MOBILIARIOS S.A;3,483E+13;AV. BRIGADEIRO FARIA LIMA;2277;17º;Vila Olímpia;São Paulo;SP;01452000;3504-6800;;;www.reag.com.br;ramon.dantas@reag.com.br
52.366.833/0001-74;01/12/2023;1;24/01/2024;CODEMAR FUNDO DE INVESTIMENTO IMOBILIÁRIO;18/12/2023;INVESTIDORES EM GERAL;BR0HWCCTF000;4000000;N;N;Renda;Híbrido;Ativa;Indeterminado;;31/dez;S;N;N;S;N;RJI CTVM LTDA;5,23668E+13;AVENIDA RIO BRANCO;138;4 andar;CENTRO;RIO DE JANEIRO;RJ;20040-002;21 3500-4500;21 3500-4514;;www.rjicv.com.br;backoffice.adm@rjicv.com.br
